旭川志峯高等学校	北海道旭川市	300269	普通科
旭川実業高等学校	北海道旭川市	300224	普通科・専門学科
旭川藤星高等学校	北海道旭川市	300215	普通科
旭川明成高等学校	北海道旭川市	300258	総合学科
旭川龍谷高等学校	北海道旭川市	300257	普通科
遺愛女子高等学校（青山学院大学教育提携校）	北海道函館市	300035	普通科・専門学科
池上学院高等学校	北海道札幌市豊平区	306474	普通科
小樽双葉高等学校	北海道小樽市	300073	普通科
小樽明峰高等学校	北海道小樽市	300077	普通科
帯広大谷高等学校	北海道帯広市	300273	普通科
帯広北高等学校	北海道帯広市	300279	普通科
海星学院高等学校	北海道室蘭市	300107	普通科
北見藤高等学校	北海道北見市	300332	普通科
クラーク記念国際高等学校	北海道深川市	306309	普通科
駒澤大学附属苫小牧高等学校	北海道苫小牧市	300119	普通科
札幌大谷高等学校	北海道札幌市東区	300030	普通科・専門学科
札幌光星高等学校	北海道札幌市東区	300032	普通科
札幌新陽高等学校	北海道札幌市南区	300015	普通科
札幌自由が丘学園三和高等学校	北海道和寒町	306723	普通科
札幌静修高等学校	北海道札幌市中央区	300147	普通科・専門学科
札幌創成高等学校	北海道札幌市北区	300153	普通科
札幌第一高等学校	北海道札幌市豊平区	300170	普通科
札幌日本大学高等学校	北海道北広島市	300159	普通科
札幌北斗高等学校	北海道札幌市東区	300031	普通科
札幌山の手高等学校	北海道札幌市西区	300178	普通科
札幌龍谷学園高等学校	北海道札幌市中央区	300142	普通科
白樺学園高等学校	北海道芽室町	300290	普通科
星槎国際高等学校	北海道芦別市	306406	普通科
清尚学院高等学校	北海道函館市	300044	専門学科
東海大学付属札幌高等学校	北海道札幌市南区	300017	普通科
苫小牧中央高等学校	北海道苫小牧市	300122	普通科
日本航空高等学校 北海道	北海道千歳市	306787	専門学科
函館大谷高等学校	北海道函館市	300050	普通科
函館大妻高等学校	北海道函館市	300034	普通科・専門学科
函館白百合学園高等学校	北海道函館市	300045	普通科
函館大学付属柏稜高等学校	北海道函館市	300055	普通科・専門学科
函館大学付属有斗高等学校	北海道函館市	300054	普通科
函館ラ・サール高等学校	北海道函館市	300047	普通科
藤女子高等学校	北海道札幌市北区	300154	普通科
武修館高等学校	北海道釧路市	300301	普通科
北照高等学校	北海道小樽市	300076	普通科
北星学園女子高等学校	北海道札幌市中央区	300148	普通科・専門学科
北星学園大学附属高等学校	北海道札幌市厚別区	300012	普通科
北星学園余市高等学校	北海道余市町	300066	普通科
北嶺高等学校	北海道札幌市清田区	300169	普通科
北海学園札幌高等学校	北海道札幌市豊平区	300174	普通科
北海高等学校	北海道札幌市豊平区	300173	普通科
北海道大谷室蘭高等学校	北海道室蘭市	300105	普通科
北海道科学大学高等学校	北海道札幌市手稲区	300175	普通科・専門学科
北海道芸術高等学校	北海道清水町	306548	普通科
北海道栄高等学校	北海道白老町	300137	普通科
北海道文教大学附属高等学校	北海道恵庭市	300021	普通科・専門学科
酪農学園大学附属とわの森三愛高等学校	北海道江別市	300202	普通科・専門学科
立命館慶祥高等学校	北海道江別市	300201	普通科
稚内大谷高等学校	北海道稚内市	300355	普通科
青森明の星高等学校	青森県青森市	300402	普通科・専門学科
青森山田高等学校	青森県青森市	300394	普通科・専門学科
向陵高等学校	青森県八戸市	300406	普通科
五所川原第一高等学校	青森県五所川原市	300449	普通科
柴田学園大学附属柴田学園高等学校	青森県弘前市	300441	普通科・専門学科
下山学園高等学校	青森県鶴田町	300453	普通科・専門学科
松風塾高等学校	青森県平内町	300489	普通科
千葉学園高等学校	青森県八戸市	300405	専門学科
東奥学園高等学校	青森県青森市	300392	普通科・専門学科
東奥義塾高等学校	青森県弘前市	300439	普通科
八戸学院光星高等学校	青森県八戸市	300413	普通科・専門学科
八戸学院野辺地西高等学校	青森県野辺地町	306426	総合学科
八戸工業大学第一高等学校	青森県八戸市	300418	普通科・専門学科
八戸工業大学第二高等学校	青森県八戸市	300415	普通科
八戸聖ウルスラ学院高等学校	青森県八戸市	300480	普通科・専門学科
弘前学院聖愛高等学校	青森県弘前市	300440	普通科
弘前東高等学校	青森県弘前市	300438	普通科・専門学科
一関学院高等学校	岩手県一関市	300522	普通科
一関修紅高等学校	岩手県一関市	300521	普通科
岩手高等学校	岩手県盛岡市	300499	普通科
岩手女子高等学校	岩手県盛岡市	300496	普通科・専門学科
江南義塾盛岡高等学校	岩手県盛岡市	300506	普通科
専修大学北上高等学校	岩手県北上市	300544	普通科・専門学科
花巻東高等学校	岩手県花巻市	300548	普通科
水沢第一高等学校	岩手県奥州市	300536	普通科・専門学科
盛岡白百合学園高等学校	岩手県盛岡市	300495	普通科
盛岡スコーレ高等学校	岩手県盛岡市	300516	総合学科
盛岡誠桜高等学校	岩手県盛岡市	300503	普通科・専門学科
盛岡大学附属高等学校	岩手県盛岡市	300505	普通科
盛岡中央高等学校	岩手県盛岡市	300504	普通科
大崎中央高等学校	宮城県大崎市	300725	普通科
尚絅学院高等学校	宮城県仙台市青葉区	300616	普通科
聖ウルスラ学院英智高等学校	宮城県仙台市若林区	300657	普通科
聖ドミニコ学院高等学校	宮城県仙台市青葉区	300617	普通科
聖和学園高等学校	宮城県仙台市若林区	300654	普通科
仙台育英学園高等学校	宮城県仙台市宮城野区	300651	普通科
仙台白百合学園高等学校	宮城県仙台市泉区	300608	普通科
仙台城南高等学校	宮城県仙台市太白区	306757	普通科・専門学科
仙台大学附属明成高等学校	宮城県仙台市青葉区	300625	普通科・専門学科
東北学院高等学校	宮城県仙台市宮城野区	300609	普通科
東北学院榴ケ岡高等学校	宮城県仙台市泉区	300632	普通科
東北高等学校	宮城県仙台市青葉区	300623	普通科
東北生活文化大学高等学校	宮城県仙台市泉区	300641	普通科・専門学科
東陵高等学校	宮城県気仙沼市	300698	普通科
常盤木学園高等学校	宮城県仙台市青葉区	300607	普通科・専門学科
西山学院高等学校	宮城県七ヶ宿町	300704	普通科
古川学園高等学校	宮城県大崎市	300726	普通科・専門学科
宮城学院高等学校	宮城県仙台市青葉区	300626	普通科
秋田修英高等学校	秋田県大仙市	300765	普通科・総合学科
秋田令和高等学校	秋田県秋田市	300744	普通科
国学館高等学校	秋田県秋田市	300742	普通科・専門学科
聖霊女子短期大学付属高等学校	秋田県秋田市	300733	普通科
明桜高等学校	秋田県秋田市	300734	普通科
基督教独立学園高等学校	山形県小国町	300872	普通科
九里学園高等学校	山形県米沢市	300830	普通科
酒田南高等学校	山形県酒田市	300864	普通科・専門学科
新庄東高等学校	山形県新庄市	300847	普通科
創学館高等学校	山形県天童市	300842	専門学科
鶴岡東高等学校	山形県鶴岡市	300851	普通科
東海大学山形高等学校	山形県山形市	300822	普通科
東北文教大学山形城北高等学校	山形県山形市	300816	普通科
日本大学山形高等学校	山形県山形市	300823	普通科
羽黒高等学校	山形県鶴岡市	300857	普通科・専門学科
山形学院高等学校	山形県山形市	300807	普通科・専門学科
山形明正高等学校	山形県山形市	300820	普通科・専門学科
惺山高等学校	山形県山形市	300817	普通科・専門学科
米沢中央高等学校	山形県米沢市	300831	普通科
和順館高等学校	山形県酒田市	306483	普通科
会津北嶺高等学校	福島県会津若松市	300948	普通科・専門学科
会津若松ザベリオ学園高等学校	福島県会津若松市	300955	普通科
石川高等学校	福島県石川町	300932	普通科
いわき秀英高等学校	福島県いわき市	306433	普通科
磐城第一高等学校	福島県いわき市	300985	普通科
磐城緑蔭高等学校	福島県いわき市	306711	普通科
郡山女子大学附属高等学校	福島県郡山市	300942	普通科・専門学科
桜の聖母学院高等学校	福島県福島市	300902	普通科・専門学科
松韻学園福島高等学校	福島県福島市	300900	普通科
尚志高等学校	福島県郡山市	300921	普通科・専門学科
仁愛高等学校	福島県会津若松市	300947	専門学科
聖光学院高等学校（福島県）	福島県伊達市	300889	普通科・専門学科
帝京安積高等学校	福島県郡山市	300919	普通科・専門学科
日本大学東北高等学校	福島県郡山市	300923	普通科
東日本国際大学附属昌平高等学校	福島県いわき市	306413	普通科・専門学科
福島成蹊高等学校	福島県福島市	300906	普通科
福島東稜高等学校	福島県福島市	300904	普通科・専門学科
