青森明の星高等学校	青森県青森市	300402	普通科・専門学科
青森山田高等学校	青森県青森市	300394	普通科・専門学科
向陵高等学校	青森県八戸市	300406	普通科
五所川原第一高等学校	青森県五所川原市	300449	普通科
柴田学園大学附属柴田学園高等学校	青森県弘前市	300441	普通科・専門学科
下山学園高等学校	青森県鶴田町	300453	普通科・専門学科
松風塾高等学校	青森県平内町	300489	普通科
千葉学園高等学校	青森県八戸市	300405	専門学科
東奥学園高等学校	青森県青森市	300392	普通科・専門学科
東奥義塾高等学校	青森県弘前市	300439	普通科
八戸学院光星高等学校	青森県八戸市	300413	普通科・専門学科
八戸学院野辺地西高等学校	青森県野辺地町	306426	総合学科
八戸工業大学第一高等学校	青森県八戸市	300418	普通科・専門学科
八戸工業大学第二高等学校	青森県八戸市	300415	普通科
八戸聖ウルスラ学院高等学校	青森県八戸市	300480	普通科・専門学科
弘前学院聖愛高等学校	青森県弘前市	300440	普通科
弘前東高等学校	青森県弘前市	300438	普通科・専門学科
