日出学園高等学校	千葉県市川市	301667	普通科
愛国学園大学附属四街道高等学校	千葉県四街道市	301733	普通科
あずさ第一高等学校	千葉県野田市	306495	普通科
我孫子二階堂高等学校	千葉県我孫子市	301644	普通科
市川高等学校（千葉県）	千葉県市川市	301666	普通科
市原中央高等学校	千葉県市原市	301773	普通科
植草学園大学附属高等学校	千葉県千葉市中央区	301599	普通科・専門学科
桜林高等学校	千葉県千葉市若葉区	306439	普通科
鴨川令徳高等学校	千葉県鴨川市	301796	普通科
木更津総合高等学校	千葉県木更津市	301777	普通科
暁星国際高等学校	千葉県木更津市	301784	普通科
敬愛学園高等学校	千葉県千葉市稲毛区	301623	普通科
敬愛大学八日市場高等学校	千葉県匝瑳市	301763	普通科
光英VERITAS高等学校	千葉県松戸市	301653	普通科・専門学科
国府台女子学院高等部	千葉県市川市	301668	普通科・専門学科
志学館高等部	千葉県木更津市	301782	普通科
芝浦工業大学柏高等学校	千葉県柏市	301705	普通科
渋谷教育学園幕張高等学校	千葉県千葉市美浜区	301616	普通科
秀明大学学校教師学部附属秀明八千代高等学校	千葉県八千代市	301697	普通科
翔凜高等学校	千葉県君津市	301810	専門学科
昭和学院高等学校	千葉県市川市	301665	普通科
昭和学院秀英高等学校	千葉県千葉市美浜区	301615	普通科
西武台千葉高等学校	千葉県野田市	301639	普通科
専修大学松戸高等学校	千葉県松戸市	301655	普通科
拓殖大学紅陵高等学校	千葉県木更津市	301785	普通科
千葉英和高等学校	千葉県八千代市	301700	普通科・専門学科
千葉学芸高等学校	千葉県東金市	301726	普通科
千葉敬愛高等学校	千葉県四街道市	301732	普通科
千葉経済大学附属高等学校	千葉県千葉市稲毛区	301621	普通科・専門学科
千葉県安房西高等学校	千葉県館山市	301792	普通科
千葉商科大学付属高等学校	千葉県市川市	301672	普通科・専門学科
千葉聖心高等学校	千葉県千葉市中央区	301598	普通科
千葉日本大学第一高等学校	千葉県船橋市	301685	普通科
千葉萌陽高等学校	千葉県香取市	301749	普通科
千葉明徳高等学校	千葉県千葉市中央区	301603	普通科
千葉黎明高等学校	千葉県八街市	301758	普通科・専門学科
中央学院高等学校	千葉県我孫子市	301642	普通科
東海大学付属市原望洋高等学校	千葉県市原市	301770	普通科
東海大学付属浦安高等学校	千葉県浦安市	301725	普通科
東京学館浦安高等学校	千葉県浦安市	301724	普通科
東京学館高等学校	千葉県酒々井町	301740	普通科
東京学館船橋高等学校	千葉県船橋市	301682	普通科・専門学科
東邦大学付属東邦高等学校	千葉県習志野市	301695	普通科
東葉高等学校	千葉県船橋市	301691	普通科
中山学園高等学校	千葉県船橋市	306488	普通科
成田高等学校	千葉県成田市	301742	普通科
二松学舎大学附属柏高等学校	千葉県柏市	301716	普通科
日本体育大学柏高等学校	千葉県柏市	301703	普通科
日本大学習志野高等学校	千葉県船橋市	301686	普通科
不二女子高等学校	千葉県市川市	301658	普通科
明聖高等学校	千葉県千葉市中央区	306418	普通科
茂原北陵高等学校	千葉県茂原市	301815	普通科・専門学科
八千代松陰高等学校	千葉県八千代市	301701	普通科
横芝敬愛高等学校	千葉県横芝光町	301762	普通科
流通経済大学付属柏高等学校	千葉県柏市	301714	普通科
麗澤高等学校	千葉県柏市	301707	普通科
わせがく高等学校	千葉県多古町	306444	普通科
和洋国府台女子高等学校	千葉県市川市	306307	普通科
