会津北嶺高等学校	福島県会津若松市	300948	普通科・専門学科
会津若松ザベリオ学園高等学校	福島県会津若松市	300955	普通科
石川高等学校	福島県石川町	300932	普通科
いわき秀英高等学校	福島県いわき市	306433	普通科
磐城第一高等学校	福島県いわき市	300985	普通科
磐城緑蔭高等学校	福島県いわき市	306711	普通科
郡山女子大学附属高等学校	福島県郡山市	300942	普通科・専門学科
桜の聖母学院高等学校	福島県福島市	300902	普通科・専門学科
松韻学園福島高等学校	福島県福島市	300900	普通科
尚志高等学校	福島県郡山市	300921	普通科・専門学科
仁愛高等学校	福島県会津若松市	300947	専門学科
聖光学院高等学校（福島県）	福島県伊達市	300889	普通科・専門学科
帝京安積高等学校	福島県郡山市	300919	普通科・専門学科
日本大学東北高等学校	福島県郡山市	300923	普通科
東日本国際大学附属昌平高等学校	福島県いわき市	306413	普通科・専門学科
福島成蹊高等学校	福島県福島市	300906	普通科
福島東稜高等学校	福島県福島市	300904	普通科・専門学科
