愛国学園大学附属龍ヶ崎高等学校	茨城県龍ケ崎市	301036	普通科
茨城キリスト教学園高等学校	茨城県日立市	301141	普通科
茨城高等学校	茨城県水戸市	301083	普通科
岩瀬日本大学高等学校	茨城県桜川市	306416	普通科
Ｓ高等学校	茨城県つくば市	306781	普通科
江戸川学園取手高等学校	茨城県取手市	301042	普通科
鹿島学園高等学校	茨城県鹿嶋市	301120	普通科
霞ヶ浦高等学校	茨城県阿見町	301013	普通科
晃陽学園高等学校	茨城県古河市	306484	普通科
翔洋学園高等学校	茨城県日立市	306434	普通科
常総学院高等学校	茨城県土浦市	301018	普通科
水城高等学校	茨城県水戸市	301085	普通科
清真学園高等学校	茨城県鹿嶋市	301118	普通科
聖徳大学附属取手聖徳女子高等学校	茨城県取手市	301025	普通科・専門学科
大成女子高等学校	茨城県水戸市	301082	普通科・専門学科
第一学院高等学校 高萩本校	茨城県高萩市	306493	総合学科
つくば開成高等学校	茨城県牛久市	306473	普通科
つくば国際大学高等学校	茨城県土浦市	301012	普通科
つくば国際大学東風高等学校	茨城県かすみがうら市	306694	普通科
つくば秀英高等学校	茨城県つくば市	301028	普通科
土浦日本大学高等学校	茨城県土浦市	301016	普通科
東洋大学附属牛久高等学校	茨城県牛久市	301021	普通科
常磐大学高等学校	茨城県水戸市	301079	普通科
水戸葵陵高等学校	茨城県水戸市	301088	普通科
水戸啓明高等学校	茨城県水戸市	301087	普通科・専門学科
水戸女子高等学校	茨城県水戸市	301080	普通科・専門学科
水戸平成学園高等学校	茨城県水戸市	306542	普通科
茗溪学園高等学校	茨城県つくば市	301051	普通科
明秀学園日立高等学校	茨城県日立市	301132	普通科
ルネサンス高等学校	茨城県大子町	306545	普通科
