青山学院横浜英和高等学校	神奈川県横浜市南区	302506	普通科
浅野高等学校	神奈川県横浜市神奈川区	302421	普通科
旭丘高等学校	神奈川県小田原市	302615	普通科・総合学科
麻布大学附属高等学校	神奈川県相模原市中央区	302464	普通科
厚木中央高等学校	神奈川県厚木市	306415	普通科・専門学科
アレセイア湘南高等学校	神奈川県茅ヶ崎市	302643	普通科
栄光学園高等学校	神奈川県鎌倉市	302600	普通科
英理女子学院高等学校	神奈川県横浜市港北区	302431	普通科
大西学園高等学校	神奈川県川崎市中原区	302397	普通科・専門学科
柏木学園高等学校	神奈川県大和市	306336	普通科
神奈川学園高等学校	神奈川県横浜市神奈川区	302426	普通科
神奈川大学附属高等学校	神奈川県横浜市緑区	302449	普通科
鎌倉学園高等学校	神奈川県鎌倉市	302599	普通科
鎌倉国際文理高等学校	神奈川県鎌倉市	302596	普通科
鎌倉女学院高等学校	神奈川県鎌倉市	302603	普通科
カリタス女子高等学校	神奈川県川崎市多摩区	302402	普通科
関東学院高等学校	神奈川県横浜市南区	302499	普通科
関東学院六浦高等学校	神奈川県横浜市金沢区	302520	普通科
函嶺白百合学園高等学校	神奈川県箱根町	302620	普通科
北鎌倉女子学園高等学校	神奈川県鎌倉市	302598	普通科・専門学科
鵠沼高等学校	神奈川県藤沢市	302627	普通科
公文国際学園高等部	神奈川県横浜市戸塚区	302579	普通科
慶應義塾高等学校	神奈川県横浜市港北区	302438	普通科
慶應義塾湘南藤沢高等部	神奈川県藤沢市	302640	普通科
向上高等学校	神奈川県伊勢原市	302674	普通科
光明学園相模原高等学校	神奈川県相模原市南区	302465	普通科
相模女子大学高等部	神奈川県相模原市南区	302459	普通科
サレジオ学院高等学校	神奈川県横浜市都筑区	302440	普通科
秀英高等学校	神奈川県横浜市泉区	306338	普通科
湘南学院高等学校	神奈川県横須賀市	302529	普通科
湘南学園高等学校	神奈川県藤沢市	302629	普通科
湘南工科大学附属高等学校	神奈川県藤沢市	302630	普通科
湘南白百合学園高等学校	神奈川県藤沢市	302628	普通科
逗子開成高等学校	神奈川県逗子市	302610	普通科
聖光学院高等学校（神奈川県）	神奈川県横浜市中区	302493	普通科
星槎高等学校	神奈川県横浜市旭区	306556	普通科
清心女子高等学校（神奈川県）	神奈川県横浜市港北区	306335	普通科
聖セシリア女子高等学校	神奈川県大和市	302565	普通科
清泉女学院高等学校	神奈川県鎌倉市	302602	普通科
聖ヨゼフ学園高等学校	神奈川県横浜市鶴見区	302477	普通科
聖和学院高等学校	神奈川県逗子市	302607	普通科・専門学科
洗足学園高等学校	神奈川県川崎市高津区	302400	普通科
捜真女学校高等学部	神奈川県横浜市神奈川区	302422	普通科
相洋高等学校	神奈川県小田原市	302617	普通科・専門学科
橘学苑高等学校	神奈川県横浜市鶴見区	302483	普通科
立花学園高等学校	神奈川県松田町	302667	普通科
中央大学附属横浜高等学校	神奈川県横浜市都筑区	302498	普通科
鶴見大学附属高等学校	神奈川県横浜市鶴見区	302482	普通科
桐蔭学園高等学校	神奈川県横浜市青葉区	302446	普通科・専門学科
東海大学付属相模高等学校	神奈川県相模原市南区	302460	普通科
桐光学園高等学校	神奈川県川崎市麻生区	302413	普通科
藤嶺学園藤沢高等学校	神奈川県藤沢市	302623	普通科
日本女子大学附属高等学校	神奈川県川崎市多摩区	302408	普通科
日本大学高等学校	神奈川県横浜市港北区	302436	普通科
日本大学藤沢高等学校	神奈川県藤沢市	302638	普通科
白鵬女子高等学校	神奈川県横浜市鶴見区	302484	普通科
平塚学園高等学校	神奈川県平塚市	302658	普通科
フェリス女学院高等学校	神奈川県横浜市中区	302495	普通科
藤沢翔陵高等学校	神奈川県藤沢市	302633	普通科・専門学科
武相高等学校	神奈川県横浜市港北区	302432	普通科
法政大学国際高等学校	神奈川県横浜市鶴見区	302486	普通科
法政大学第二高等学校	神奈川県川崎市中原区	302395	普通科
三浦学苑高等学校	神奈川県横須賀市	302535	普通科・専門学科
聖園女学院高等学校	神奈川県藤沢市	302634	普通科
緑ヶ丘女子高等学校	神奈川県横須賀市	302530	普通科
森村学園高等部	神奈川県横浜市緑区	302447	普通科
山手学院高等学校	神奈川県横浜市栄区	302595	普通科
横須賀学院高等学校	神奈川県横須賀市	302528	普通科
横浜学園高等学校	神奈川県横浜市磯子区	302514	普通科
横浜共立学園高等学校	神奈川県横浜市中区	302494	普通科
横浜高等学校	神奈川県横浜市金沢区	302525	普通科
横浜商科大学高等学校	神奈川県横浜市旭区	302557	普通科・専門学科
横浜女学院高等学校	神奈川県横浜市中区	302496	普通科
横浜翠陵高等学校	神奈川県横浜市緑区	302450	普通科
横浜清風高等学校	神奈川県横浜市保土ケ谷区	302549	普通科
横浜創英高等学校	神奈川県横浜市神奈川区	302420	普通科
横浜創学館高等学校	神奈川県横浜市金沢区	302521	普通科
横浜隼人高等学校	神奈川県横浜市瀬谷区	302592	普通科・専門学科
横浜富士見丘学園高等学校	神奈川県横浜市旭区	306770	普通科
横浜雙葉高等学校	神奈川県横浜市中区	302497	普通科
