大崎中央高等学校	宮城県大崎市	300725	普通科
尚絅学院高等学校	宮城県仙台市青葉区	300616	普通科
聖ウルスラ学院英智高等学校	宮城県仙台市若林区	300657	普通科
聖ドミニコ学院高等学校	宮城県仙台市青葉区	300617	普通科
聖和学園高等学校	宮城県仙台市若林区	300654	普通科
仙台育英学園高等学校	宮城県仙台市宮城野区	300651	普通科
仙台白百合学園高等学校	宮城県仙台市泉区	300608	普通科
仙台城南高等学校	宮城県仙台市太白区	306757	普通科・専門学科
仙台大学附属明成高等学校	宮城県仙台市青葉区	300625	普通科・専門学科
東北学院高等学校	宮城県仙台市宮城野区	300609	普通科
東北学院榴ケ岡高等学校	宮城県仙台市泉区	300632	普通科
東北高等学校	宮城県仙台市青葉区	300623	普通科
東北生活文化大学高等学校	宮城県仙台市泉区	300641	普通科・専門学科
東陵高等学校	宮城県気仙沼市	300698	普通科
常盤木学園高等学校	宮城県仙台市青葉区	300607	普通科・専門学科
西山学院高等学校	宮城県七ヶ宿町	300704	普通科
古川学園高等学校	宮城県大崎市	300726	普通科・専門学科
宮城学院高等学校	宮城県仙台市青葉区	300626	普通科
