1	大崎中央高等学校	0229-22-2030	高	http://www.osakichuo.ed.jp/access.html ; https://www.pref.miyagi.jp/documents/6697/r6_meibo.pdf	公式サイトで確認
2	尚絅学院高等学校	022-264-5881	高	https://ap.shokei.jp/access/ ; https://school.js88.com/scl_h/22029620	公式サイトで確認。中高共通。名取市の尚絅学院大学（022-381-3300）とは別
3	聖ウルスラ学院英智高等学校	022-286-3557	高	https://www.pref.miyagi.jp/documents/6697/r7_meibo.pdf ; https://school.js88.com/scl_h/22029880/	宮城県の名簿（R7）と学校情報サイトで一致。小・中学校課程は別番号（022-286-6461）
4	聖ドミニコ学院高等学校	022-222-6337	中	https://school.js88.com/scl_h/22029890/	JS日本の学校のみで確認。中学校と共通
5	聖和学園高等学校	022-257-7777	高	https://highschool.seiwa.ac.jp/access/	公式サイトで確認（薬師堂キャンパス）。三神峯キャンパスは022-304-2030
6	仙台育英学園高等学校	022-256-4141	高	https://www.sendaiikuei.ed.jp/hs/access/	公式サイトで確認（宮城野校舎の代表）。多賀城校舎は022-368-4111、入試広報部は022-353-6103
7	仙台白百合学園高等学校	022-777-5777	高	https://jh.sendaishirayuri.net/ ; https://www.miyagi-chukouren.com/post/	公式サイトで確認。中高共通。仙台白百合女子大学とは別
8	仙台城南高等学校	022-305-2111	高	https://school.js88.com/scl_h/22029900	学校情報サイト2件で一致、公式サイトでは未確認
9	仙台大学附属明成高等学校	022-278-6131	高	https://www.hgm.ed.jp/dnt2/_meisei/access/nic_img/7/files/r8bosyuyokopdf.pdf	公式の令和8年度募集要項で確認。法人事務所（022-278-9136）とは別
10	東北学院高等学校	022-786-1231	高	https://www.jhs.tohoku-gakuin.ac.jp/admission/files/guidebook.pdf	公式資料に「代表」と記載。中学校と共通
11	東北学院榴ケ岡高等学校	022-372-6611	高	https://www.tutuji.tohoku-gakuin.ac.jp/admission/files/pamphlet.pdf ; https://www.tutuji.tohoku-gakuin.ac.jp/admission/data/second/youkou.pdf	公式パンフレットと入試要項で一致
12	東北高等学校	022-234-6361	高	https://www.tohoku.ed.jp/access/ ; https://school.js88.com/scl_h/22029570	小松島キャンパスの代表。泉キャンパスは022-379-6001、入試広報センターは022-234-2351
13	東北生活文化大学高等学校	022-272-7511	高	https://www.seibun.ed.jp/contact/	公式サイトに「代表」と記載。入試広報室は022-272-7522
14	東陵高等学校	0226-23-3100	高	https://www.pref.miyagi.jp/documents/17663/09kannaigakkouitiran.pdf ; https://school.js88.com/scl_h/22029940	宮城県の資料と学校情報サイトで一致
15	常盤木学園高等学校	022-263-1755	中	https://www.tokiwagi.ed.jp/ ; https://www.mapion.co.jp/phonebook/M11004/04101/ILSP0000041493_ipclm/	公式サイトでは職員室の番号。事務室（法人）は022-263-1751で、こちらを代表とするサイトもあり
16	西山学院高等学校	0224-37-2131	中	https://school.js88.com/scl_h/22029950	七ヶ宿町の本校。学校情報サイト2件で一致、公式サイトでは未確認。全寮制
17	古川学園高等学校	0229-22-2545	中	https://school.js88.com/scl_h/22029920 ; https://www.minkou.jp/hischool/school/university/4189/	学校情報サイト2件で一致、公式サイトでは未確認。中学校と共通
18	宮城学院高等学校	022-279-1331	高	https://www.miyagi-chukouren.com/post/ ; https://www.mapion.co.jp/phonebook/M11004/04101/ILSP0000041377_ipclm/	宮城県私立中学高等学校連合会ほかで「代表」として一致。法人代表（022-279-1311）とは別
