1	Ｒ高等学校	0277-66-9943	中	https://www.pref.gunma.jp/page/3563.html ; https://nnn.ed.jp/campus/r_high_school/	群馬県の私立学校名簿に載っている桐生本校の番号（広域通信制、2025年4月開校、N高グループ）。公式の窓口は入学相談のフリーダイヤル0120-0252-15
2	関東学園大学附属高等学校	0276-74-1213	高	https://www.kanto-gakuen.ac.jp/high/access.htm	公式サイトに「代表」と記載。学校法人の代表（0276-74-1211）とは別
3	共愛学園高等学校	027-267-1000	高	https://school.js88.com/scl_h/22002880 ; https://www.pref.gunma.jp/03/a3510009.html	群馬県の一覧と学校情報サイトで一致。中学校と共通
4	桐生第一高等学校	0277-22-8131	高	https://school.js88.com/scl_h/22002890/ ; https://www.pref.gunma.jp/page/3563.html	群馬県の名簿と学校情報サイトで一致。併設中学校は別番号（0277-48-8600）
5	白根開善学校高等部	0279-95-5311	高	https://school.js88.com/scl_h/22002990 ; https://www.pref.gunma.jp/page/3563.html	群馬県の名簿と学校情報サイトで一致。中等部と共通。全寮制
6	樹徳高等学校	0277-45-2258	高	https://center.gsn.ed.jp/school/dai_you/kou_s ; https://www.pref.gunma.jp/page/3563.html	群馬県の資料と学校情報サイトで一致。グラウンドの番号は別
7	高崎健康福祉大学高崎高等学校	027-352-3460	高	https://www.tuhw-h.ed.jp/inquiry/	公式サイトに「代表」と記載
8	高崎商科大学附属高等学校	027-322-2827	高	https://www.pref.gunma.jp/page/3563.html ; https://school.js88.com/scl_h/22002930	群馬県の私立学校名簿と学校情報サイトで一致
9	東京農業大学第二高等学校	027-323-1483	高	https://www.nodai-2-h.ed.jp/access/	公式サイトで確認。校内塾（027-324-8800）は別番号
10	常磐高等学校（群馬県）	0276-45-4372	高	https://www.pref.gunma.jp/uploaded/attachment/160391.pdf ; https://school.js88.com/scl_h/22002900/	群馬県の私立学校名簿（R5）と学校情報サイトで一致
11	新島学園高等学校	027-381-0240	高	https://school.js88.com/scl_h/22002910/ ; https://www.mapion.co.jp/phonebook/M11004/10211/ILSP0000041225_ipclm/	複数の情報源で一致、公式サイトでは未確認
12	前橋育英高等学校	027-251-7087	高	https://school.js88.com/scl_h/22002970/ ; https://www.mapion.co.jp/phonebook/M11004/10201/ILSP0000041902_ipclm/	複数の情報源で一致、公式サイトでは未確認
13	明和県央高等学校	027-373-5773	高	https://www.meiwakenoh.ed.jp/accessmap/	公式サイトに「代表」と記載
