1	基督教独立学園高等学校	0238-65-2021	高	https://school.js88.com/scl_h/22030920/ ; https://studychain.jp/koukoudb/school/1573/	複数の情報源で一致
2	九里学園高等学校	0238-22-0091	高	https://school.js88.com/scl_h/22030900 ; https://www100.pref.yamagata.jp/documents/1101/r5meibo.pdf	学校情報サイトと山形県の学校法人名簿で一致
3	酒田南高等学校	0234-22-4733	中	https://www.sakataminami-h.ed.jp/contact/	公式サイトの職員室の番号（浜田キャンパス）。事務室は0234-24-2900。一部サイトの0234-22-7341は旧キャンパスの番号の可能性あり
4	新庄東高等学校	0233-22-1562	高	http://shinjo-east.com/access.html ; https://www.mapion.co.jp/phonebook/M11004/06205/ILSP0000041749_ipclm/	公式サイトに「代表」と記載
5	創学館高等学校	023-655-2321	高	https://sogaku.ed.jp/introduction/access ; https://www100.pref.yamagata.jp/documents/1101/r5meibo.pdf	公式サイトと山形県の名簿で一致。023-655-2328は同じ法人の別の学校の番号なので注意
6	鶴岡東高等学校	0235-22-0223	高	https://school.js88.com/scl_h/22030940/	学校情報サイト2件で一致
7	東海大学山形高等学校	023-688-3022	高	https://www.minkou.jp/hischool/school/2773/ ; https://www200.pref.yamagata.jp/documents/1101/r7meibo.pdf	学校情報サイトと山形県の学校法人名簿で一致
8	東北文教大学山形城北高等学校	023-645-3377	高	https://www.johoku.ed.jp/school-life/	公式サイトに「代表」と記載。023-688-2296は短大の番号なので注意
9	日本大学山形高等学校	023-641-6631	高	https://www.ymgt.hs.nihon-u.ac.jp/wp-content/uploads/2025/06/部活体験会2025チラシ.pdf	公式資料に「代表」と記載
10	羽黒高等学校	0235-62-2105	高	https://www.haguroko.ed.jp/ ; https://www.mapion.co.jp/phonebook/M11004/06203/ILSP0000041869_ipclm/	公式サイトとマピオンで一致。0235-62-2103は法人の事業部の番号なので注意
11	山形学院高等学校	023-641-4116	高	https://www.y-gakuin.ac.jp/about/ ; https://www200.pref.yamagata.jp/documents/1101/r7meibo.pdf	公式サイトの事務室の番号。職員室は023-641-4115
12	山形明正高等学校	023-631-2099	高	https://www100.pref.yamagata.jp/documents/1101/r6meibo.pdf ; https://map.yahoo.co.jp/v3/place/MoZP1zgQvRE	山形県の学校法人名簿とYahoo!マップで一致
13	惺山高等学校	023-643-0321	高	https://school.js88.com/scl_h/22029820 ; https://www.minkou.jp/hischool/school/4893/	【旧校名】2022年4月に山本学園高等学校から改称。通信制課程は023-679-3715
14	米沢中央高等学校	0238-22-4223	中	https://school.js88.com/scl_h/22030910?page=7 ; https://studychain.jp/koukoudb/school/5290/	学校情報サイト複数で一致、公式サイトでは未確認
15	和順館高等学校	0234-26-1670	高	https://www.wajun-honbu.ac.jp/wajunkan/1.html ; https://www.mapion.co.jp/phonebook/M11004/06204/ILSP0000040809_ipclm/	私立（酒田南高校と同じ学校法人）。通信制・単位制
