1	青山学院横浜英和高等学校	045-731-2862	中	https://www.city.yokohama.lg.jp/minami/kosodate_kyoiku/kyoiku/gakko/juniorhighschool.html ; https://www.inter-edu.com/schools/school/218	中高共通。横浜市南区の一覧ほかで一致。045-731-2861を載せるサイトもあり
2	浅野高等学校	045-421-3281	中	https://www.inter-edu.com/schools/school/1/	中高共通。学校情報サイト1件のみで確認
3	旭丘高等学校	0465-24-2227	中	https://school.js88.com/scl_h/22042660	学校情報サイト1件のみで確認
4	麻布大学附属高等学校	042-757-2403	高	https://school.js88.com/scl_h/22042730 ; https://www.inter-edu.com/schools/school/553	2つのサイトで一致
5	厚木中央高等学校	046-221-5678	中	https://school.js88.com/scl_h/34025180	通信制。学校情報サイト1件のみで確認
6	アレセイア湘南高等学校	0467-87-0132	高	https://www.inter-edu.com/schools/school/2220 ; https://school.js88.com/scl_h/22042670	中高共通。複数サイトで一致
7	栄光学園高等学校	0467-46-7711	高	https://www.inter-edu.com/schools/school/3 ; https://school.js88.com/scl_h/22042500	中高共通
8	英理女子学院高等学校	045-431-8188	中	https://www.inter-edu.com/schools/school/1816	学校情報サイト1件のみで確認
9	大西学園高等学校	044-722-2332	高	https://school.js88.com/scl_h/22042430/ ; https://www.inter-edu.com/schools/school/1864	中高共通
10	柏木学園高等学校	046-260-9011	中	https://school.js88.com/scl_h/22108010	学校情報サイト1件のみで確認。同じ法人の専門学校とは別番号
11	神奈川学園高等学校	045-311-2961	中	https://www.inter-edu.com/schools/school/242	中高共通。学校情報サイト1件のみで確認
12	神奈川大学附属高等学校	045-934-6211	高	https://www.inter-edu.com/schools/school/150 ; https://www.fhs.kanagawa-u.ac.jp/images/topics/1407458985/1407458985_20.pdf	中高共通。公式資料（2014年）とも一致
13	鎌倉学園高等学校	0467-22-0994	高	https://www.inter-edu.com/schools/school/1984 ; https://school.js88.com/scl_h/22042510	中高共通
14	鎌倉国際文理高等学校	0467-44-2113	高	https://www.inter-edu.com/schools/school/2071 ; https://school.js88.com/scl_h/22042540	【校名変更】2026年4月に鎌倉女子大学高等部から改称。中高共通
15	鎌倉女学院高等学校	0467-25-2100	中	https://www.inter-edu.com/schools/school/241	中高共通。学校情報サイト1件のみで確認
16	カリタス女子高等学校	044-911-4656	高	https://school.js88.com/scl_h/22042440 ; https://www.inter-edu.com/schools/school/91	高校募集なし（完全中高一貫）
17	関東学院高等学校	045-231-1001	中	https://www.inter-edu.com/schools/school/151	中高共通。学校情報サイト1件のみで確認。関東学院六浦（金沢区）とは別の学校
18	関東学院六浦高等学校	045-781-2525	中	https://www.inter-edu.com/schools/school/2013	中高共通。学校情報サイトのみで確認
19	函嶺白百合学園高等学校	0460-87-6611	高	https://kanrei-shirayuri.ed.jp/mh/_src/49746279/2026_H_yoko.pdf	公式の募集要項に「代表」と記載
20	北鎌倉女子学園高等学校	0467-22-6900	高	https://www.inter-edu.com/schools/school/2069 ; https://school.js88.com/scl_h/22042530	2つのサイトで一致
21	鵠沼高等学校	0466-22-4783	中	https://www.inter-edu.com/schools/school/580	学校情報サイト1件のみで確認
22	公文国際学園高等部	045-853-8200	中	https://www.inter-edu.com/schools/school/278	中高共通。高校募集は原則なしとの情報あり
23	慶應義塾高等学校		低	https://www.hs.keio.ac.jp/files/2025/4/22/20250422_japanese.pdf	代表番号が見つからず。候補：主事室直通045-566-1375（公式資料）。045-566-1000は大学側の番号なので注意
24	慶應義塾湘南藤沢高等部	0466-49-3585	中	https://www.inter-edu.com/schools/school/28	中高共通。事務室は0466-49-3586（公式資料）
25	向上高等学校	0463-96-0411	高	https://www.inter-edu.com/schools/school/1024 ; https://map.yahoo.co.jp/v3/place/21qUFjHT1e6	2つの情報源で一致
26	光明学園相模原高等学校	042-778-3333	中	https://www.inter-edu.com/schools/school/1025	学校情報サイト1件のみで確認
27	相模女子大学高等部	042-742-1442	中	https://www.inter-edu.com/schools/school/2067	中学部と共通。学校情報サイトのみで確認
28	サレジオ学院高等学校	045-591-8222	中	https://www.inter-edu.com/schools/school/11	中高共通。学校情報サイト1件のみで確認
29	秀英高等学校	045-806-2100	中	https://studychain.jp/media/guide-158-2/	学校情報サイト1件のみで確認
30	湘南学院高等学校	046-833-3433	高	https://www.inter-edu.com/schools/school/615 ; https://page.line.me/374yawot	学校情報サイトと公式LINEで一致。湘南学園（藤沢市）とは別の学校
31	湘南学園高等学校	0466-23-6611	中	https://www.inter-edu.com/schools/school/153	中高共通。学校情報サイト1件のみで確認。湘南学院（横須賀市）とは別の学校
32	湘南工科大学附属高等学校	0466-34-4114	中	https://www.inter-edu.com/schools/school/616	学校情報サイト1件のみで確認。大学の番号とは別
33	湘南白百合学園高等学校	0466-27-6211	中	https://www.inter-edu.com/schools/school/233	中高共通。学校情報サイト1件のみで確認
34	逗子開成高等学校	046-871-2062	高	https://univpress.co.jp/gk_pdf/14562.pdf ; https://www.inter-edu.com/schools/school/81	中高共通。2つの情報源で一致
35	聖光学院高等学校（神奈川県）	045-621-2051	中	https://www.inter-edu.com/schools/school/79	中高共通。学校情報サイト1件のみで確認。福島県の聖光学院とは別の学校
36	星槎高等学校	045-442-8686	高	https://school.js88.com/scl_h/34029509?page=5 ; https://www.inter-edu.com/schools/school/1851	複数サイトで一致。045-442-8687は星槎中学校の番号
37	清心女子高等学校（神奈川県）	045-421-8864	中	https://www.minkou.jp/hischool/school/93248/	通信制。学校情報サイト1件のみで確認
38	聖セシリア女子高等学校	046-275-3727	高	https://school.js88.com/scl_h/22042740 ; https://univpress.co.jp/gk_pdf/14567.pdf	高校の番号。中学校は046-274-7405
39	清泉女学院高等学校	0467-46-3171	中	https://www.inter-edu.com/schools/school/228	中高共通。学校情報サイト1件のみで確認
40	聖ヨゼフ学園高等学校	045-581-8808	高	https://www.inter-edu.com/schools/school/230 ; https://school.js88.com/scl_h/22042250	中高共通。複数の情報源で一致
41	聖和学院高等学校	046-871-2670	高	https://school.js88.com/scl_h/22042680 ; https://www.inter-edu.com/schools/school/1804	中高共通
42	洗足学園高等学校	044-856-2777	中	https://www.inter-edu.com/schools/school/87	中高共通。学校情報サイト1件のみで確認
43	捜真女学校高等学部	045-491-3686	高	https://www.inter-edu.com/schools/school/2062	中高共通。複数の情報源で一致
44	相洋高等学校		低	https://school.js88.com/scl_h/22042650/ ; https://www.inter-edu.com/schools/school/2524	情報源で番号が食い違い。候補：0465-22-0211（有力）／0465-23-0211。中学直通は0465-23-0214
45	橘学苑高等学校	045-581-0063	高	https://www.inter-edu.com/schools/school/1787	中高共通。複数サイトで一致
46	立花学園高等学校	0465-83-1081	中	https://school.js88.com/scl_h/22042750?page=9	学校情報サイト1件のみで確認
47	中央大学附属横浜高等学校	045-592-0801	高	https://www.inter-edu.com/schools/school/2092	中高共通
48	鶴見大学附属高等学校	045-581-6325	高	https://www.inter-edu.com/schools/school/2014 ; https://www.minkou.jp/junior/school/8301/	中高共通
49	桐蔭学園高等学校	045-971-1411	高	https://www.inter-edu.com/schools/school/94	複数サイトで一致。入試当日の連絡先は045-971-1413
50	東海大学付属相模高等学校	042-742-1251	高	https://www.inter-edu.com/schools/school/2015	中等部と共通
51	桐光学園高等学校	044-987-0519	中	https://www.inter-edu.com/schools/school/107	学校情報サイト1件のみで確認
52	藤嶺学園藤沢高等学校	0466-23-3150	高	https://www.inter-edu.com/schools/school/2045 ; https://school.js88.com/scl_h/22042610/	2つのサイトで一致
53	日本女子大学附属高等学校	044-952-6705	中	https://www.inter-edu.com/schools/school/2059	学校情報サイト1件のみで確認
54	日本大学高等学校	045-560-2600	高	https://www.yokohama.hs.nihon-u.ac.jp/senior/pdf/exam/2025_examination.pdf	公式の入試要項で確認
55	日本大学藤沢高等学校	0466-81-0123	高	https://www.fujisawa.hs.nihon-u.ac.jp/news/21344	公式サイトで高校の番号を確認。中学校は0466-81-0125
56	白鵬女子高等学校	045-581-6721	中	https://www.inter-edu.com/schools/school/1825	学校情報サイト1件のみで確認
57	平塚学園高等学校	0463-22-0137	高	https://www.inter-edu.com/schools/school/673 ; https://school.js88.com/scl_h/22042490?page=9	2つのサイトで一致
58	フェリス女学院高等学校	045-641-0242	高	https://www.inter-edu.com/schools/school/67 ; https://school.js88.com/scl_h/22042080	中高共通。高校募集なし（完全中高一貫）の可能性
59	藤沢翔陵高等学校	0466-81-3456	中	https://www.inter-edu.com/schools/school/997	学校情報サイト1件のみで確認
60	武相高等学校	045-401-9042	高	https://www.inter-edu.com/schools/school/2047	中高共通
61	法政大学国際高等学校	045-571-4482	高	https://kokusai-high.ws.hosei.ac.jp/wpcu/1786078104_6ZQ.pdf ; https://www.inter-edu.com/schools/school/684	公式資料と学校情報サイトで一致
62	法政大学第二高等学校	044-711-4321	高	https://www.inter-edu.com/schools/school/198	中高共通。複数サイトで一致
63	三浦学苑高等学校	046-852-0284	中	https://www.inter-edu.com/schools/school/690	学校情報サイト1件のみで確認
64	聖園女学院高等学校	0466-81-3333	高	https://www.inter-edu.com/schools/school/2057	中高共通
65	緑ヶ丘女子高等学校	046-822-1651	中	https://www.minkou.jp/hischool/school/4559/	【校名変更】2026年度から「神奈川歯科大学系属緑ヶ丘女子高校」に変更との情報あり。学校情報サイト1件のみで確認
66	森村学園高等部	045-984-2505	中	https://www.inter-edu.com/schools/school/158	中高共通。学校情報サイト1件のみで確認
67	山手学院高等学校	045-891-2111	高	https://www.yamate-gakuin.ac.jp/file/bosyuu.pdf	公式の募集要項で確認。中高共通
68	横須賀学院高等学校	046-822-3218	中	https://www.inter-edu.com/schools/school/159	中高共通。学校情報サイト1件のみで確認
69	横浜学園高等学校	045-751-6941	中	https://school.js88.com/scl_h/22042340?page=5	学校情報サイト1件のみで確認
70	横浜共立学園高等学校	045-641-3785	中	https://www.inter-edu.com/schools/school/217	中高共通。学校情報サイト1件のみで確認
71	横浜高等学校	045-781-3395	高	https://www.inter-edu.com/schools/school/2048 ; https://www.minkou.jp/junior/school/8367/	2つのサイトで一致
72	横浜商科大学高等学校	045-951-2246	中	https://www.inter-edu.com/schools/school/702	学校情報サイト1件のみで確認。大学の番号とは別
73	横浜女学院高等学校	045-641-3284	高	https://yjg.y-gakuin.ed.jp/yjg-info/wp-content/uploads/2025/01/横浜女学院_25受験案内.pdf	公式の受験案内で確認。事務室直通は045-681-7767
74	横浜翠陵高等学校	045-921-0301	中	https://www.inter-edu.com/schools/school/2055	中高共通。学校情報サイトのみで確認
75	横浜清風高等学校	045-731-4361	高	https://school.js88.com/scl_h/22042170/ ; https://map.yahoo.co.jp/v3/place/bG8VLDV7swI	2つの情報源で一致
76	横浜創英高等学校	045-421-3121	高	https://www.inter-edu.com/schools/school/2108	中高共通。複数サイトで一致。横浜創学館（金沢区）とは別の学校
77	横浜創学館高等学校	045-781-0631	中	https://www.inter-edu.com/schools/school/1026	学校情報サイト1件のみで確認。横浜創英（神奈川区）とは別の学校
78	横浜隼人高等学校	045-364-5101	中	https://www.inter-edu.com/schools/school/160	中高共通。学校情報サイト1件のみで確認
79	横浜富士見丘学園高等学校	045-367-4380	中	https://www.inter-edu.com/schools/school/2054	中高共通。学校情報サイトのみで確認
80	横浜雙葉高等学校	045-641-1004	中	https://www.inter-edu.com/schools/school/212	中高共通。学校情報サイト1件のみで確認
