1	愛国高等学校	03-3658-4111	高	https://www.seikatubunka.metro.tokyo.lg.jp/documents/d/seikatubunka/07high_zennichi_r61201 ; https://www.inter-edu.com/schools/school/2206	東京都の私立高校一覧ほかで一致。中高共通
2	青山学院高等部	03-3409-3880	中	https://www.seikatubunka.metro.tokyo.lg.jp/documents/d/seikatubunka/07high_zennichi_r61201	東京都の私立高校一覧の番号。03-3407-7463（中等部の番号の可能性）を載せるサイトもあり。公式未確認
3	麻布高等学校	03-3446-6541	高	https://www.seikatubunka.metro.tokyo.lg.jp/documents/d/seikatubunka/07high_zennichi_r61201 ; https://www.inter-edu.com/schools/school/2	中高共通
4	足立学園高等学校	03-3888-5331	高	https://www.seikatubunka.metro.tokyo.lg.jp/documents/d/seikatubunka/07high_zennichi_r61201	東京都の私立高校一覧ほかで一致。中高共通
5	跡見学園高等学校	03-3941-8167	高	https://www.seikatubunka.metro.tokyo.lg.jp/documents/d/seikatubunka/07high_zennichi_r61201 ; https://www.inter-edu.com/schools/school/182	中高共通。高校からの生徒募集なし（完全中高一貫）
6	安部学院高等学校	03-3913-2323	高	https://www.seikatubunka.metro.tokyo.lg.jp/documents/d/seikatubunka/07high_zennichi_r61201 ; https://www.inter-edu.com/schools/school/1786	東京都の私立高校一覧ほかで一致
7	郁文館グローバル高等学校	03-3828-2206	高	https://www.inter-edu.com/schools/school/984 ; https://www.seikatubunka.metro.tokyo.lg.jp/documents/d/seikatubunka/07high_zennichi_r61201	郁文館中学・高校と共通の代表番号
8	郁文館高等学校	03-3828-2206	高	https://www.seikatubunka.metro.tokyo.lg.jp/documents/d/seikatubunka/07high_zennichi_r61201 ; https://www.inter-edu.com/schools/school/185	中学・郁文館グローバル高校と共通の代表番号
9	岩倉高等学校	03-3841-3086	高	https://www.tky-iwakura-h.ed.jp/intro/access/	公式サイトに「代表」と記載。入試相談室は03-3841-3009
10	上野学園高等学校	03-3847-2201	高	https://www.seikatubunka.metro.tokyo.lg.jp/documents/d/seikatubunka/07high_zennichi_r61201 ; https://www.inter-edu.com/schools/school/1988	中高共通
11	穎明館高等学校	042-664-6000	高	https://www.seikatubunka.metro.tokyo.lg.jp/documents/d/seikatubunka/07high_zennichi_r61201 ; https://www.inter-edu.com/schools/school/25	中高共通
12	英明フロンティア高等学校	03-3920-5151	高	https://eimei-frontier.ed.jp/ ; https://recruit.eimei-frontier.ed.jp/contact	【校名変更】2025年4月に東京女子学院から改称・共学化。公式サイトで確認。中高共通
13	江戸川女子高等学校	03-3659-1241	高	https://www.city.edogawa.tokyo.jp/e004/kuseijoho/gaiyo/shisetsuguide/bunya/gakko/toritsushiritsu.html ; https://www.inter-edu.com/schools/school/2036	江戸川区の一覧ほかで一致。中高共通
14	NHK学園高等学校	042-572-3151	中	https://www.seikatubunka.metro.tokyo.lg.jp/documents/d/seikatubunka/13high_tushin_r61201	通信制。東京都の通信制一覧の番号。042-572-3155は法人の代表、042-573-8111は旧番号の可能性
15	桜蔭高等学校	03-3811-0147	高	https://www.seikatubunka.metro.tokyo.lg.jp/documents/d/seikatubunka/07high_zennichi_r61201 ; https://www.inter-edu.com/schools/school/48	東京都の私立高校一覧ほかで一致
16	桜美林高等学校	042-797-2668	中	https://www.inter-edu.com/schools/school/1953 ; https://unesco-sdgs.mext.go.jp/?p=6997	東京都の私立高校一覧には042-797-2667とあり食い違い。要確認
17	鷗友学園女子高等学校	03-3420-0136	中	https://www.seikatubunka.metro.tokyo.lg.jp/documents/d/seikatubunka/07high_zennichi_r61201	東京都の私立高校一覧のみで確認
18	大妻高等学校	03-5275-6002	高	https://www.seikatubunka.metro.tokyo.lg.jp/documents/d/seikatubunka/07high_zennichi_r61201 ; https://www.inter-edu.com/schools/school/50	中高共通
19	大妻多摩高等学校	042-372-9113	高	https://www.seikatubunka.metro.tokyo.lg.jp/documents/d/seikatubunka/07high_zennichi_r61201 ; https://www.inter-edu.com/schools/school/51	東京都の私立高校一覧ほかで一致
20	大妻中野高等学校	03-3389-7211	高	https://unesco-sdgs.mext.go.jp/?p=6992 ; https://www.inter-edu.com/schools/school/52	中高共通
21	大原学園美空高等学校	03-3237-3141	高	https://www.seikatubunka.metro.tokyo.lg.jp/documents/d/seikatubunka/13high_tushin_r61201 ; https://map.yahoo.co.jp/v3/place/P1V36L6F1ko	通信制。東京都の通信制一覧とYahoo!マップで一致。町田キャンパスは別番号の可能性
22	大森学園高等学校	03-3762-7336	中	https://www.inter-edu.com/schools/school/565	学校情報サイト1件のみで確認
23	海城高等学校	03-3209-5880	高	https://www.inter-edu.com/schools/school/4 ; https://www.seikatubunka.metro.tokyo.lg.jp/documents/d/seikatubunka/07high_zennichi_r61201	中高共通
24	開成高等学校	03-3822-0741	中	https://www.inter-edu.com/schools/school/1941	中高共通とみられる。公式の教員募集資料には高校の問い合わせ先として03-3822-0743の記載あり
25	開智日本橋学園高等学校	03-3662-2507	高	https://www.seikatubunka.metro.tokyo.lg.jp/documents/d/seikatubunka/07high_zennichi_r61201 ; https://www.inter-edu.com/schools/school/255	中高共通。高校募集なし（完全中高一貫）との情報あり
26	かえつ有明高等学校	03-5564-2161	中	https://www.inter-edu.com/schools/school/1989	中高共通。「広報室」と表記するサイトもあり、代表か不明
27	科学技術学園高等学校	03-5494-7711	高	https://www.seikatubunka.metro.tokyo.lg.jp/documents/d/seikatubunka/07high_zennichi_r61201 ; https://www.seikatubunka.metro.tokyo.lg.jp/documents/d/seikatubunka/13high_tushin_r61201	全日制・通信制の東京都一覧で一致。定時制あり
28	川村高等学校	03-3984-8321	高	https://www.univpress.co.jp/wp-content/uploads/29kawamura-.pdf ; https://map.yahoo.co.jp/v3/place/0LqAmew92LU	学校資料に「代表」と記載。中高共通
29	神田女学園高等学校	03-6383-3751	高	https://www.inter-edu.com/schools/school/2211 ; https://school.js88.com/scl_h/22037920	中高共通。複数の情報源で一致
30	関東国際高等学校	03-3376-2244	高	https://www.inter-edu.com/schools/school/566 ; https://www.seikatubunka.metro.tokyo.lg.jp/documents/d/seikatubunka/07high_zennichi_r61201	東京都の私立高校一覧と一致
31	関東第一高等学校	03-3653-1541	高	https://www.kanto-ichiko.ac.jp/topics/assets/fdd62acf219d9e2f1087e8a41dadae25fea8c585.pdf	公式資料に学校代表として記載。広報直通は03-3653-1680
32	学習院高等科	03-5992-1032	高	https://www.gakushuin.ac.jp/bsh/admission/pdf/leaf2023.pdf ; https://www.seikatubunka.metro.tokyo.lg.jp/documents/d/seikatubunka/07high_zennichi_r61201	公式の学校案内と東京都の一覧で一致。一部サイトの03-3986-0221は旧番号の可能性
33	学習院女子高等科	03-3203-1901	中	https://www.inter-edu.com/schools/school/54 ; https://www.minkou.jp/junior/school/7530/	学校情報サイトのみで確認。03-3203-1906は学習院女子大学の番号なので注意
34	北里大学附属順天高等学校	03-3908-2966	高	https://www.inter-edu.com/schools/school/1995 ; https://school.js88.com/scl_h/22038690?page=6	旧 順天高校。2つのサイトで一致
35	北豊島高等学校	03-3895-4490	中	https://www.inter-edu.com/schools/school/189	全日制の番号（学校情報サイト）。通信制課程は03-3895-3051
36	吉祥寺湧水高等学校	0422-22-1266	中	https://www.inter-edu.com/schools/school/2102 ; https://www.minkou.jp/junior/school/8077/	【校名変更予定】現在は藤村女子高校（2027年4月に改称予定）。学校情報サイトのみで確認
37	吉祥女子高等学校	0422-22-8117	中	https://www.inter-edu.com/schools/school/103	学校情報サイト1件のみで確認
38	共栄学園高等学校	03-3601-7136	高	https://www.inter-edu.com/schools/school/1992 ; https://univpress.co.jp/gk_pdf/13604.pdf	2つの情報源で一致
39	共立女子高等学校	03-3237-2744	高	https://www.seikatubunka.metro.tokyo.lg.jp/documents/d/seikatubunka/07high_zennichi_r61201 ; https://www.inter-edu.com/schools/school/104	東京都の私立高校一覧ほかで一致
40	共立女子第二高等学校	042-661-9952	中	https://www.inter-edu.com/schools/school/1875	学校情報サイトのみで確認
41	錦城学園高等学校	03-3291-3211	中	https://www.inter-edu.com/schools/school/1017 ; https://school.js88.com/scl_h/22037990	学校情報サイトのみで確認。錦城高校（小平市）とは別の学校
42	錦城高等学校	042-341-0741	高	https://www.inter-edu.com/schools/school/575 ; https://www.univpress.co.jp/gk_pdf/13720.pdf	複数の資料で一致。錦城学園（千代田区）とは別の学校
43	暁星高等学校	03-3262-3291	高	https://www.seikatubunka.metro.tokyo.lg.jp/documents/d/seikatubunka/07high_zennichi_r61201 ; https://www.inter-edu.com/schools/school/105	中高共通。東京都の私立高校一覧と一致
44	国立音楽大学附属高等学校	042-572-4111	高	https://www.inter-edu.com/schools/school/1873 ; https://www.minkou.jp/junior/school/8203/	中高共通。複数の情報源で一致
45	国本女子高等学校	03-3416-4722	高	https://www.inter-edu.com/schools/school/2112 ; https://school.js88.com/scl_h/22039150	中高共通。複数の情報源で一致
46	慶應義塾女子高等学校	03-5427-1674	高	https://www.gshs.keio.ac.jp/common/pdf/2026nyushiyoko_suisen.pdf	公式の入試要項に「代表」と記載
47	京華高等学校	03-3946-4451	高	https://www.inter-edu.com/schools/school/1991 ; https://www.city.bunkyo.lg.jp/documents/5788/kizi_2024.pdf	中高共通。京華商業・京華女子とは別番号
48	京華商業高等学校	03-3946-4491	高	https://www.city.bunkyo.lg.jp/b003/p006756.html ; https://www.univpress.co.jp/gk_pdf/13568.pdf	京華・京華女子とは別番号
49	京華女子高等学校	03-3946-4434	高	https://www.inter-edu.com/schools/school/2098 ; https://www.seikatubunka.metro.tokyo.lg.jp/documents/d/seikatubunka/07high_zennichi_r61201	中高共通。京華・京華商業とは別番号
50	恵泉女学園高等学校	03-3303-2115	高	https://www.inter-edu.com/schools/school/191 ; https://uccj.org/kyodan/wp-content/uploads/2022/12/2023school1.pdf	中高共通。高校からの生徒募集なし（完全中高一貫）
51	啓明学園高等学校	042-541-1003	中	https://www.inter-edu.com/schools/school/1956	中高共通。学校情報サイトのみで確認
52	小石川淑徳学園高等学校	03-3811-0237	高	https://school.js88.com/scl_h/22038550 ; https://www.inter-edu.com/schools/school/2113	中高共通。広尾学園小石川とは別の学校
53	光塩女子学院高等科	03-3315-1911	高	https://www.city.suginami.tokyo.jp/kusei/gaiyou/shisetsu/genre/school/shiritsukoukou/index.html ; https://www.inter-edu.com/schools/school/55	中高共通。杉並区の一覧と一致
54	晃華学園高等学校	042-482-8952	高	https://www.inter-edu.com/schools/school/56 ; https://school.js88.com/scl_h/22038410	中高共通
55	工学院大学附属高等学校	042-628-4912	高	https://www.js.kogakuin.ac.jp/about/contact.html	公式サイトに「代表」と記載。中高共通。入試広報部は042-628-4914
56	攻玉社高等学校	03-3493-0331	高	https://school.js88.com/scl_h/22038910 ; https://www.inter-edu.com/schools/school/8	中高共通
57	麹町学園女子高等学校	03-3263-3011	中	https://www.inter-edu.com/schools/school/2058	中高共通。学校情報サイトのみで確認
58	佼成学園高等学校	03-3381-7227	高	https://www.city.suginami.tokyo.jp/kusei/gaiyou/shisetsu/genre/school/shiritsukoukou/index.html ; https://www.kosei.ac.jp/boys/wp-content/uploads/2024/05/310d9b3b51f491fb2df759357d085bb4.pdf	中高共通。杉並区の一覧と公式資料で一致
59	佼成学園女子高等学校	03-3300-2351	高	https://www.inter-edu.com/schools/school/2056 ; https://www.seikatubunka.metro.tokyo.lg.jp/documents/d/seikatubunka/07high_zennichi_r61201	中高共通
60	香蘭女学校高等科	03-3786-1136	高	https://www.seikatubunka.metro.tokyo.lg.jp/documents/d/seikatubunka/07high_zennichi_r61201 ; https://school.js88.com/scl_h/22038920	中高共通
61	國學院高等学校	03-3403-2331	中	https://www.inter-edu.com/schools/school/541	学校情報サイト1件のみで確認
62	國學院大學久我山高等学校	03-3334-1151	高	https://www.inter-edu.com/schools/school/122	中高共通。2つのサイトで一致
63	国際基督教大学高等学校	0422-33-3401	高	https://icu-h.ed.jp/news/docs/c92876a21d1bfb013106119a1fa19b9c9d7100d6.pdf	公式資料に「学校代表」と記載
64	国士舘高等学校	03-5481-3131	高	https://www.kokushikan.ac.jp/houjin/about/public_relations/docs/HSschoolguide2027.pdf	公式の学校案内に全日制・定時制の代表として記載。入試担当は03-5481-3135
65	駒込高等学校	03-3828-4141	高	https://www.inter-edu.com/schools/school/1993 ; https://www.city.bunkyo.lg.jp/documents/5788/kizi_2024.pdf	中高共通。文京区の資料と一致
66	駒沢学園女子高等学校	042-350-7123	高	https://www.inter-edu.com/schools/school/1971 ; https://www.seikatubunka.metro.tokyo.lg.jp/documents/d/seikatubunka/07high_zennichi_r61201	東京都の私立高校一覧と一致
67	駒澤大学高等学校	03-3700-6131	中	https://www.inter-edu.com/schools/school/589	学校情報サイト1件のみで確認。大学の番号とは別
68	駒場学園高等学校	03-3413-5561	中	https://www.inter-edu.com/schools/school/590	学校情報サイト1件のみで確認
69	駒場東邦高等学校	03-3466-8221	中	https://www.inter-edu.com/schools/school/10	中高共通。学校情報サイト1件のみで確認
70	桜丘高等学校（東京都）	03-3910-6161	高	https://www.inter-edu.com/schools/school/1939 ; https://school.js88.com/scl_h/22038680/	2つのサイトで一致
71	サレジアン国際学園高等学校	03-3906-0054	高	https://www.seikatubunka.metro.tokyo.lg.jp/documents/d/seikatubunka/07high_zennichi_r61201 ; https://map.yahoo.co.jp/v3/place/TcdA71hDDO2	東京都の私立高校一覧とYahoo!マップで一致。中高共通
72	サレジアン国際学園世田谷高等学校	03-3416-1150	高	https://www.inter-edu.com/schools/school/260 ; https://univpress.co.jp/gk_pdf/13659.pdf	中高共通。高校からの募集はないとの情報あり（要確認）
73	品川エトワール女子高等学校	03-3474-2231	高	https://x.com/shinagawaetoile ; https://www.school-data.com/school_info/school.php/sc=133063	公式Xと複数のサイトで一致
74	品川学藝高等学校	03-3786-1711	中	https://www.inter-edu.com/schools/school/1808	学校情報サイト1件のみで確認
75	品川翔英高等学校	03-3774-1151	中	https://www.inter-edu.com/schools/school/2110	学校情報サイト1件のみで確認
76	品川女子学院高等部	03-3474-4048	高	https://www.inter-edu.com/schools/school/90 ; https://school.js88.com/scl_h/22038930	2つのサイトで一致
77	芝浦工業大学附属高等学校	03-3520-8501	中	https://www.inter-edu.com/schools/school/186	代表として掲載。学校情報サイトのみで確認
78	芝高等学校	03-3431-2629	高	https://www.inter-edu.com/schools/school/12 ; https://school.js88.com/scl_h/22038120/	2つのサイトで一致
79	芝国際高等学校	03-5427-0666	高	https://www.inter-edu.com/schools/school/2074	中高共通。学校情報サイトで一致
80	渋谷教育学園渋谷高等学校	03-3400-6363	高	https://www.inter-edu.com/schools/school/88/ ; https://www.minkou.jp/junior/school/7736/	中高共通。複数サイトで一致
81	下北沢成徳高等学校	03-3468-1551	高	https://www.inter-edu.com/schools/school/608 ; https://school.js88.com/scl_h/22039260	学校情報サイト3件で一致
82	修徳高等学校	03-3601-0116	高	https://www.inter-edu.com/schools/school/2076 ; https://www.minkou.jp/junior/school/7976/	中高共通
83	淑徳高等学校	03-3969-7411	中	https://www.inter-edu.com/schools/school/1994	中高共通。学校情報サイトのみで確認
84	淑徳巣鴨高等学校	03-3918-6451	中	https://www.inter-edu.com/schools/school/2078	中高共通。学校情報サイトのみで確認
85	松蔭大学附属松蔭高等学校（東京都）	03-3467-1511	高	https://school.js88.com/scl_h/22039230 ; https://www.inter-edu.com/schools/school/2213	中高共通
86	頌栄女子学院高等学校	03-3441-2005	中	https://www.inter-edu.com/schools/school/58	中高共通。学校情報サイト1件のみで確認
87	聖徳学園高等学校	0422-31-5121	高	https://www.inter-edu.com/schools/school/2070 ; https://univpress.co.jp/gk_pdf/13731.pdf	中高共通
88	昭和女子大学附属昭和高等学校	03-3411-5115	高	https://www.seikatubunka.metro.tokyo.lg.jp/documents/d/seikatubunka/07high_zennichi_r61201 ; https://www.inter-edu.com/schools/school/225	中高共通。東京都の私立高校一覧と一致
89	昭和第一学園高等学校	042-536-1611	高	https://www.seikatubunka.metro.tokyo.lg.jp/documents/d/seikatubunka/07high_zennichi_r61201 ; https://www.inter-edu.com/schools/school/613	立川市の学校。昭和第一高校（文京区）とは別の学校
90	昭和第一高等学校	03-3811-0636	高	https://www.minkou.jp/hischool/school/2372/ ; https://www.city.bunkyo.lg.jp/documents/5788/kizi_2024.pdf	文京区の学校。昭和第一学園（立川市）とは別の学校
91	昭和鉄道高等学校	03-3988-5511	中	https://www.seikatubunka.metro.tokyo.lg.jp/documents/d/seikatubunka/07high_zennichi_r61201	東京都の私立高校一覧で確認。豊島学院高校と同じ番号（同じ学校法人・同じ敷地のため）
92	女子聖学院高等学校	03-3917-2277	中	https://www.inter-edu.com/schools/school/60	中高共通。高校募集なし（完全中高一貫）との情報あり
93	白梅学園高等学校	042-346-5691	中	https://www.inter-edu.com/schools/school/1800	学校情報サイトのみで確認。清修中高一貫部・大学は別番号
94	白百合学園高等学校	03-3234-6661	高	https://www.inter-edu.com/schools/school/61	中高共通の代表番号。高校募集なし
95	実践学園高等学校	03-3371-5268	中	https://www.inter-edu.com/schools/school/127/	中高共通とみられる。学校情報サイトのみで確認
96	実践女子学園高等学校	03-3409-1771	高	https://www.inter-edu.com/schools/school/223 ; https://school.js88.com/scl_h/22038360	中高共通
97	十文字高等学校	03-3918-0511	高	https://www.inter-edu.com/schools/school/2060 ; https://www.univpress.co.jp/gk_pdf/13686.pdf	中高共通
98	潤徳女子高等学校	03-3881-7161	高	https://www.inter-edu.com/schools/school/607 ; https://www.univpress.co.jp/gk_pdf/13602.pdf	2つの情報源で一致
99	自由ヶ丘学園高等学校		低	https://school.js88.com/scl_h/22039000/ ; https://www.jiyugaoka.ed.jp/wp-content/uploads/2026/06/2026オープンスクールチラシ.pdf	代表番号を確定できず。候補：03-3717-0388（学校情報サイト）／03-4330-2530（公式チラシの広報部）
100	自由学園高等科	042-422-3111	中	https://www.inter-edu.com/schools/school/2103 ; https://www.jiyu.ac.jp/nyushi/2027_sh.pdf	学園全体の代表番号の可能性。高等部職員室の直通は042-422-1079
101	城西大学附属城西高等学校	03-3973-6331	高	https://www.inter-edu.com/schools/school/1996 ; https://www.minkou.jp/junior/school/7807/	中高共通
102	城北高等学校（東京都）	03-3956-3157	高	https://www.johoku.ac.jp/media/47118 ; https://www.seikatubunka.metro.tokyo.lg.jp/documents/d/seikatubunka/07high_zennichi_r61201	学校の募集要項に「代表」と記載。中高共通
103	女子学院高等学校	03-3263-1711	高	https://www.inter-edu.com/schools/school/59 ; https://school.js88.com/scl_j/31130011	中高共通。高校募集なし（完全中高一貫）
104	女子美術大学付属高等学校	03-5340-4541	高	https://www.seikatubunka.metro.tokyo.lg.jp/documents/d/seikatubunka/07high_zennichi_r61201 ; https://www.inter-edu.com/schools/school/2065	中高共通
105	巣鴨高等学校	03-3918-5311	高	https://www.inter-edu.com/schools/school/1945	中高共通。複数サイトで一致
106	杉並学院高等学校	03-3316-3311	高	https://www.inter-edu.com/schools/school/1019 ; https://www.city.suginami.tokyo.jp/kusei/gaiyou/shisetsu/genre/school/shiritsukoukou/index.html	杉並区の一覧ほかで一致
107	駿台学園高等学校	03-3913-5735	高	https://www.inter-edu.com/schools/school/2104 ; https://school.js88.com/scl_h/22038710	全日制の代表。定時制は03-3914-5849
108	聖学院高等学校	03-3917-1121	高	https://www.inter-edu.com/schools/school/1946	中高共通。複数サイトで一致
109	成蹊高等学校	0422-37-3818	高	https://www.inter-edu.com/schools/school/1997 ; https://www.minkou.jp/junior/school/8075/	中高共通
110	聖心女子学院高等科	03-3444-7671	高	https://www.minkou.jp/hischool/school/2433/	初等科〜高等科共通の代表番号。高校募集なし
111	成城学園高等学校	03-3482-2104	中	https://www.seijogakuen.ed.jp/chukou/info/	公式の中学校高等学校事務室の番号（検索要約による）。03-3482-2105を載せるサイトもあり。成城高校（新宿区）とは別の学校
112	成城高等学校	03-3341-6141	高	https://www.inter-edu.com/schools/school/16 ; https://map.yahoo.co.jp/v3/place/M-_odyJ2xIg	中高共通。成城学園とは別の学校。高校募集停止（完全中高一貫）との情報あり
113	成女高等学校	03-3351-2330	高	https://www.seikatubunka.metro.tokyo.lg.jp/documents/d/seikatubunka/07high_zennichi_r61201 ; https://school.js88.com/scl_h/22038270/	東京都の私立高校一覧ほかで一致
114	正則学園高等学校	03-3295-3011	高	https://www.inter-edu.com/schools/school/995 ; https://school.js88.com/scl_h/22037990?page=5	千代田区の学校。正則高校（港区）とは別の学校
115	正則高等学校	03-3431-0913	高	https://www.inter-edu.com/schools/school/1020 ; https://univpress.co.jp/gk_pdf/13529.pdf	港区の学校。正則学園（千代田区）とは別の学校
116	聖ドミニコ学園高等学校	03-3700-0017	高	https://www.inter-edu.com/schools/school/235 ; https://school.js88.com/scl_h/22039270	学園事務局の番号（学園共通の代表とみられる）
117	聖パウロ学園高等学校	042-651-3893	高	https://www.inter-edu.com/schools/school/620 ; https://univpress.co.jp/gk_pdf/13710.pdf	全日制の番号。通信制は042-651-3882を案内する資料あり
118	成立学園高等学校	03-3902-5494	高	https://www.inter-edu.com/schools/school/2087	学校の公式資料に代表として記載。中高共通
119	青稜高等学校	03-3782-1502	高	https://www.inter-edu.com/schools/school/2000 ; https://school.js88.com/scl_h/22038940	中高共通
120	世田谷学園高等学校	03-3411-8661	高	https://www.inter-edu.com/schools/school/80 ; https://www.univpress.co.jp/gk_pdf/13649.pdf	中高共通
121	専修大学附属高等学校	03-3322-7171	中	https://school.js88.com/scl_h/22039570?page=5	学校情報サイトのみで確認
122	創価高等学校	042-342-2611	高	https://www.univpress.Co.jp/gk_pdf/13722.pdf ; https://map.yahoo.co.jp/v3/place/6edwbApzAAk	2つの情報源で一致。042-341-2611は中学校の番号なので注意
123	大成高等学校（東京都）	0422-43-3196	中	https://www.inter-edu.com/schools/school/626	学校情報サイト1件のみで確認
124	高輪高等学校	03-3441-7201	高	https://www.minkou.jp/junior/school/7509/	中高共通。高校募集なし（完全中高一貫）
125	瀧野川女子学園高等学校	03-3910-6315	中	https://www.inter-edu.com/schools/school/1926	学校情報サイト1件のみで確認
126	拓殖大学第一高等学校	042-590-3311	中	https://www.inter-edu.com/schools/school/546	学校情報サイト1件のみで確認
127	立川女子高等学校	042-524-5188	高	https://univpress.co.jp/gk_pdf/13716.pdf ; https://map.yahoo.co.jp/v3/place/yNs4D15xvU-	2つの情報源で一致。042-524-5288を載せるサイトは誤記とみられる
128	玉川学園高等部	042-739-8931	高	https://www.inter-edu.com/schools/school/2001 ; https://www.univpress.co.jp/wp-content/uploads/45tamagawagakuen-.pdf	学園（K-12）共通の代表番号とみられる
129	玉川聖学院高等部	03-3702-4141	高	https://www.inter-edu.com/schools/school/1972	中高共通。複数サイトで一致
130	多摩大学附属聖ヶ丘高等学校	042-372-9393	中	https://www.inter-edu.com/schools/school/1982	中高共通。学校情報サイトのみで確認
131	多摩大学目黒高等学校	03-3714-2661	高	https://school.js88.com/scl_h/22039060?page=5 ; https://www.inter-edu.com/schools/school/2002	中高共通
132	大智学園高等学校	03-5925-2773	中	https://page.line.me/065bkmjx	広域通信制。新宿校舎の番号（本校は福島県川内村）。学校の公式LINEで確認
133	大東学園高等学校	03-3483-1901	高	https://www.inter-edu.com/schools/school/1812 ; https://school.js88.com/scl_h/22039290	複数サイトで一致
134	大東文化大学第一高等学校	03-3935-1115	中	https://www.inter-edu.com/schools/school/547	学校情報サイト1件のみで確認
135	中央学院大学中央高等学校	03-5836-7020	高	https://school.js88.com/scl_h/22038080	代表として掲載
136	中央大学高等学校	03-3814-5275	高	https://www.inter-edu.com/schools/school/628 ; https://www.seikatubunka.metro.tokyo.lg.jp/documents/d/seikatubunka/10high_teiji_r20401_01	昼間定時制。東京都の定時制一覧と一致
137	中央大学杉並高等学校	03-3390-3175	中	https://www.inter-edu.com/schools/school/629	学校情報サイト1件のみで確認
138	中央大学附属高等学校	042-381-5413	高	https://www.chuo-u.ac.jp/media/gaiyo/gaiyo26-27_54.pdf ; https://school.js88.com/scl_h/22040170?page=5	大学の公式資料と学校情報サイトで一致
139	千代田高等学校	03-3263-6551	高	https://www.inter-edu.com/schools/school/2072 ; https://univpress.co.jp/gk_pdf/13512.pdf	旧 千代田女学園。中高共通
140	帝京高等学校	03-3963-4711	高	https://school.js88.com/scl_h/22039800 ; https://www.minkou.jp/hischool/school/university/2732/	代表として掲載。03-3963-6383を載せるサイトもあり（別の窓口か）
141	帝京大学高等学校	042-676-9511	中	https://www.inter-edu.com/schools/school/2003	学校情報サイトのみで確認、公式未確認。中高共通の可能性
142	帝京八王子高等学校	042-654-6141	高	https://www.inter-edu.com/schools/school/1961 ; https://school.js88.com/scl_h/22038380?page=5	複数サイトに「代表」と記載
143	貞静学園高等学校	03-3943-3711	高	https://www.inter-edu.com/schools/school/2507	中高共通。複数サイトで一致
144	田園調布学園高等部	03-3727-6121	高	https://www.inter-edu.com/schools/school/240	中高共通。複数サイトで一致
145	田園調布雙葉高等学校	03-3721-1772	高	https://www.denenchofufutaba.ed.jp/about/access.html	公式サイトで確認（高校の番号）。中学校03-3721-5087、事務局03-3721-5484は別番号
146	東亜学園高等学校	03-3387-6331	中	https://www.inter-edu.com/schools/school/654	学校情報サイト1件のみで確認
147	東海大学菅生高等学校	042-559-2200	中	https://school.js88.com/scl_h/22040210	学校情報サイト1件のみで確認。中等部は別番号（042-559-2411）
148	東海大学付属高輪台高等学校	03-3448-4011	高	https://www.inter-edu.com/schools/school/2005 ; https://univpress.co.jp/gk_pdf/13533.pdf	複数の情報源で一致
149	東海大学付属望星高等学校	03-3467-8111	高	https://www.seikatubunka.metro.tokyo.lg.jp/documents/d/seikatubunka/13high_tushin_r61201	東京都の通信制高校一覧で確認（通信制）
150	東京音楽大学付属高等学校	03-3988-6214	高	https://hs.tokyo-ondai.ac.jp/access/	公式サイトで確認。【移転】現在は豊島区南池袋。旧番号03-3945-6214は使わない
151	東京家政学院高等学校	03-3262-2559	中	https://www.inter-edu.com/schools/school/2073	学校情報サイトのみで確認。中高共通
152	東京家政大学附属女子高等学校	03-3961-2447	中	https://www.inter-edu.com/schools/school/1973 ; https://school.js88.com/scl_h/22039810	複数サイトに掲載。入試広報部は03-3961-0748。代表か未確定
153	東京高等学校	03-3750-2635	高	https://www.inter-edu.com/schools/school/653 ; https://www.univpress.co.jp/gk_pdf/13629.pdf	複数の情報源で一致
154	東京実業高等学校	03-3732-4481	中	https://www.inter-edu.com/schools/school/1022	学校情報サイト1件のみで確認
155	東京純心女子高等学校	042-691-1345	高	https://www.inter-edu.com/schools/school/1974 ; https://www.minkou.jp/junior/school/8023/	中高共通。複数サイトで一致
156	東京女学館高等学校	03-3400-0867	中	https://www.inter-edu.com/schools/school/86	中高共通。学校情報サイト1件のみで確認
157	東京成徳大学高等学校	03-3911-5196	高	https://www.tokyoseitoku.jp/hs/assets/pdf/information/pamphlet.pdf	高等部（王子）の番号（公式の学校案内）。中高一貫部（豊島）は03-3911-7109
158	東京電機大学高等学校	0422-37-6441	高	https://school.js88.com/scl_h/22038580 ; https://www.inter-edu.com/schools/school/1962	事務室の番号。中高共通
159	東京都市大学等々力高等学校	03-5962-0104	中	https://www.inter-edu.com/schools/school/2004	学校情報サイトのみで確認
160	東京都市大学付属高等学校	03-3415-0104	中	https://www.inter-edu.com/schools/school/84 ; https://www.minkou.jp/junior/school/7706/	中高共通。学校情報サイトで一致、公式未確認
161	東京農業大学第一高等学校	03-3425-4481	高	https://www.inter-edu.com/schools/school/139 ; https://www.minkou.jp/junior/school/7689/	中高共通。2025年度から高校募集を停止（完全中高一貫）との情報あり
162	東京文華高等学校	042-463-2903	高	https://school.js88.com/scl_h/22040190 ; https://www.minkou.jp/hischool/school/96254/	【校名変更】2026年4月に文華女子高校から改称・共学化。番号は変更なし
163	東京立正高等学校	03-3312-1111	高	https://tokyorissho.ed.jp/exam/pdf/senior_panf2027.pdf	公式パンフレットに「代表」と記載
164	東星学園高等学校	042-493-3201	高	https://www.inter-edu.com/schools/school/2105 ; https://school.js88.com/scl_h/22039870?page=5	代表として掲載。中高共通
165	桐朋高等学校	042-577-2171	高	https://www.inter-edu.com/schools/school/1947	中高共通。複数サイトで一致。桐朋女子（調布市）とは別の学校
166	桐朋女子高等学校	03-3300-2111	高	https://chuko.toho.ac.jp/pdf/2026high_suisen_youkou.pdf	公式の募集要項に「代表」と記載。入試事務局は03-3300-2116
167	東洋英和女学院高等部	03-3583-0696	高	https://www.inter-edu.com/schools/school/65	中高共通。高校募集なし（完全中高一貫）
168	東洋高等学校	03-3291-3824	高	https://toyo.ed.jp/wordpress/wp-content/uploads/2024/07/20240701-6681de45f02f1.pdf	公式資料で確認
169	東洋女子高等学校	03-3941-2680	高	https://www.city.bunkyo.lg.jp/documents/5788/kizi_2024.pdf ; https://www.inter-edu.com/schools/school/652	文京区の一覧ほかで一致
170	東洋大学京北高等学校	03-3816-6211	高	https://www.inter-edu.com/schools/school/2179 ; https://www.minkou.jp/junior/school/7822/	中高共通
171	トキワ松学園高等学校	03-3713-8161	高	https://www.inter-edu.com/schools/school/2077 ; https://school.js88.com/scl_h/22039030/	代表として掲載。中高共通
172	豊島岡女子学園高等学校	03-3983-8261	中	https://www.inter-edu.com/schools/school/66	中高共通。学校情報サイトのみで確認
173	豊島学院高等学校	03-3988-5511	高	https://www.inter-edu.com/schools/school/655 ; https://school.js88.com/scl_h/22039730?page=5	3つの情報源で一致。昭和鉄道高校と同じ番号（同じ学校法人・同じ敷地）
174	獨協高等学校	03-3943-3651	高	https://www.city.bunkyo.lg.jp/documents/5788/kizi_2024.pdf ; https://www.inter-edu.com/schools/school/93	代表として掲載。中高共通
175	ドルトン東京学園高等部	03-5787-7945	高	https://www.inter-edu.com/schools/school/2508 ; https://school.js88.com/scl_j/34041514	中高共通
176	中村高等学校	03-3642-8041	高	https://www.inter-edu.com/schools/school/2081 ; https://school.js88.com/scl_h/22038820/	中高共通
177	二松学舎大学附属高等学校	03-3261-9288	中	https://school.js88.com/scl_h/22038030	学校情報サイト1件のみで確認。柏校とは別の学校
178	新渡戸文化高等学校	03-3381-0408	中	https://www.inter-edu.com/schools/school/2101	中高共通。学校情報サイトのみで確認
179	日本工業大学駒場高等学校	03-3467-2130	中	https://www.inter-edu.com/schools/school/2079	中高共通。学校情報サイトのみで確認
180	日本女子体育大学附属二階堂高等学校	03-3322-9159	中	https://www.inter-edu.com/schools/school/1801	学校情報サイト1件のみで確認
181	日本体育大学荏原高等学校	03-3759-3291	高	https://www.inter-edu.com/schools/school/1023 ; https://school.js88.com/scl_h/22039120	2つのサイトで一致
182	日本体育大学桜華高等学校	042-391-4133	高	https://school.js88.com/scl_h/22040050 ; https://www.inter-edu.com/schools/school/2212	中高共通
183	日本大学櫻丘高等学校	03-5317-9300	中	https://www.inter-edu.com/schools/school/666	学校情報サイト1件のみで確認
184	日本大学第一高等学校	03-3625-0026	中	https://www.inter-edu.com/schools/school/1963	中高共通。学校情報サイトのみで確認
185	日本大学第三高等学校	042-789-5535	中	https://www.inter-edu.com/schools/school/1964	学校情報サイトのみで確認。中学校は042-793-2131の可能性
186	日本大学第二高等学校	03-3391-0223	高	https://www.nichidai2.ac.jp/access/	公式サイトで確認。中高共通
187	日本大学鶴ヶ丘高等学校	03-3322-7521	中	https://www.inter-edu.com/schools/school/549	学校情報サイト1件のみで確認
188	日本大学豊山高等学校	03-3943-2161	高	https://www.buzan.hs.nihon-u.ac.jp/app/files/uploads/2023/07/0c3e5f5f42ed3ec2a5cc6564632ff9a9.pdf	公式資料に「代表」と記載。中高共通
189	日本大学豊山女子高等学校	03-3934-2341	高	https://www.inter-edu.com/schools/school/253	中高共通。2つのサイトで一致
190	八王子学園八王子高等学校	042-623-3461	中	https://www.inter-edu.com/schools/school/2097	中高共通。学校情報サイトのみで確認
191	八王子実践高等学校	042-622-0654	中	https://www.inter-edu.com/schools/school/2106	中高共通。学校情報サイトのみで確認
192	羽田国際高等学校	03-3742-1511	高	https://prtimes.jp/main/html/rd/p/000000037.000115210.html ; https://www.inter-edu.com/schools/school/1871	法人の広報資料と学校情報サイトで一致。中高共通
193	広尾学園小石川高等学校	03-5940-4455	高	https://hiroo-koishikawa.ed.jp/contact	公式サイトで確認。中高共通。入試専用は03-5940-4187
194	広尾学園高等学校	03-3444-7272	高	https://www.hiroogakuen.ed.jp/junior/2026bosyuyoko_info.pdf	公式資料（広報室）と学校情報サイトで一致。中高共通
195	フェリシア高等学校	044-988-1126	中	https://school.js88.com/scl_h/22039420	学校情報サイト1件のみで確認（所在地は町田市、市外局番044）
196	富士見丘高等学校	03-3376-1481	高	https://www.inter-edu.com/schools/school/256 ; https://www.minkou.jp/hischool/school/4180/	中高共通。富士見高校（練馬区）とは別の学校
197	富士見高等学校	03-3999-2136	高	https://www.city.nerima.tokyo.jp/shisetsu/gakko/koko.html ; https://www.inter-edu.com/schools/school/257	練馬区の一覧と一致。富士見丘高校（渋谷区）とは別の学校
198	雙葉高等学校	03-3261-0821	高	https://www.inter-edu.com/schools/school/68 ; https://www.minkou.jp/junior/school/7479/	中高共通
199	普連土学園高等学校	03-3451-4616	高	https://www.inter-edu.com/schools/school/258 ; https://k-doumei.or.jp/wp-content/uploads/2024/09/bd9e3ce9489feb4f707ef4abc1c07b2f.pdf	中高共通
200	文化学園大学杉並高等学校	03-3392-6636	高	https://www.city.suginami.tokyo.jp/shisetsu/school/shiritsuko/index.html ; https://www.inter-edu.com/schools/school/69	杉並区の一覧と一致
