1	青山学院大学系属浦和ルーテル学院高等学校	048-711-8221	高	https://www.inter-edu.com/schools/school/1371 ; https://school.js88.com/scl_h/22004860	中高共通。学校ネットの一覧に区名がなく、所在地は緑区（大崎）として調査
2	秋草学園高等学校	04-2958-4111	高	https://www.inter-edu.com/schools/school/552 ; https://www.univpress.co.jp/gk_pdf/11541.pdf	2つの情報源で一致
3	浦和明の星女子高等学校	048-873-1160	中	https://www.inter-edu.com/schools/school/47	中高共通。学校情報サイト1件のみで確認
4	浦和学院高等学校	048-878-2101	高	https://www.inter-edu.com/schools/school/561 ; https://univpress.co.jp/gk_pdf/11529.pdf	2つの情報源で一致。併設中学校（2026年開校）は048-767-8484
5	浦和実業学園高等学校	048-861-6131	高	https://www.inter-edu.com/schools/school/2026 ; https://www.univpress.co.jp/gk_pdf/11520.pdf	中高共通
6	浦和麗明高等学校	048-885-8625	高	https://www.inter-edu.com/schools/school/562 ; https://univpress.co.jp/gk_pdf/11503.pdf	2つの情報源で一致
7	叡明高等学校	048-990-2211	高	https://www.inter-edu.com/schools/school/564 ; https://map.yahoo.co.jp/v3/place/BK8H6OEnJI-	2つの情報源で一致
8	大川学園高等学校	042-974-8880	中	https://portal2.mugendai.do-johodai.ac.jp/wordpress/wp-content/uploads/2025/02/大川学園高等学校非常勤講師要綱.pdf	通信制。学校の講師募集要項の問い合わせ先（同じ法人の専門学校と共通の可能性）
9	大妻嵐山高等学校	0493-62-2281	中	https://www.inter-edu.com/schools/school/1970	学校情報サイト1件のみで確認
10	大宮開成高等学校	048-641-7161	高	https://www.omiyakaisei.jp/pdf/hs/r07_hs-event.pdf	公式資料で確認。中高共通
11	開智高等学校（埼玉県）	048-794-4321	中	https://school.js88.com/scl_h/22005030	代表として掲載。高等部（048-793-1370）・一貫部（048-795-0777）の番号が別にあり要確認
12	開智未来高等学校	0280-61-2021	中	https://www.inter-edu.com/schools/school/269 ; https://school.js88.com/scl_h/34029513	代表として掲載（0280-61-2031を載せるサイトもあり）
13	春日部共栄高等学校	048-737-7611	高	https://www.inter-edu.com/schools/school/2028 ; https://www.univpress.Co.jp/gk_pdf/11534.pdf	中高共通
14	霞ヶ関高等学校	049-233-3636	中	https://www.minkou.jp/tsushin/school/14/	通信制。学校情報サイト1件のみで確認
15	川越東高等学校	049-235-4811	高	https://www.inter-edu.com/schools/school/540 ; https://map.yahoo.co.jp/v3/place/aJytamF9ijs	2つの情報源で一致
16	慶應義塾志木高等学校	048-471-1361	高	https://www.shiki.keio.ac.jp/doc/20240419kyouinsaiyou.pdf	公式資料に「代表」と記載
17	国際学院高等学校	048-721-5931	高	https://school.js88.com/scl_h/22005090 ; https://unesco-sdgs.mext.go.jp/?p=6975	中高共通。2つの情報源で一致
18	埼玉栄高等学校	048-624-6488	高	https://www.inter-edu.com/schools/school/175 ; https://univpress.co.jp/gk_pdf/11527.pdf	中学校は別番号（048-621-2121）
19	埼玉平成高等学校	049-294-8080	中	https://www.inter-edu.com/schools/school/176	中高共通。学校情報サイト1件のみで確認
20	栄北高等学校	048-723-7711	高	https://www.inter-edu.com/schools/school/602 ; https://school.js88.com/scl_h/34025092/	通信制。2つのサイトで一致
21	栄東高等学校	048-651-4050	高	https://www.sakaehigashi.ed.jp/about/files/self_assessment_h30_sr.pdf	公式資料に「代表」と記載。入試広報センターは048-666-9288
22	狭山ヶ丘高等学校	04-2962-3844	高	https://www.inter-edu.com/schools/school/275 ; https://www.univpress.co.jp/gk_pdf/11514.pdf	付属中学校と共通
23	志学会高等学校		低	https://www.inter-edu.com/schools/school/1784 ; https://studychain.jp/media/guide-136-2/	通信制。電話番号が見つからず（杉戸町並塚。2025年8月に岩槻校舎開校）
24	秀明英光高等学校	048-781-8821	高	https://www.shumei-eiko.ac.jp/cms/wp-content/uploads/2024/05/schoolguide2025.pdf	公式パンフレットに「代表」と記載
25	秀明高等学校	049-232-6611	中	https://www.inter-edu.com/schools/school/1365	中高共通。学校情報サイト1件のみで確認
26	淑徳与野高等学校	048-840-1035	高	https://www.inter-edu.com/schools/school/1933	中高共通
27	城西大学付属川越高等学校	049-224-5665	高	https://www.univpress.co.jp/gk_pdf/11526.pdf ; https://map.yahoo.co.jp/v3/place/7eCemCgbEls	中高共通。2つの情報源で一致
28	正智深谷高等学校	048-571-6032	中	https://www.inter-edu.com/schools/school/614	学校情報サイト1件のみで確認
29	昌平高等学校	0480-34-3381	高	https://www.inter-edu.com/schools/school/267 ; https://school.js88.com/scl_h/22004930	2つのサイトで一致
30	自由の森学園高等学校	042-972-3131	高	https://www.inter-edu.com/schools/school/293 ; https://map.yahoo.co.jp/v3/place/L57Rs8n2arw	中高共通
31	城北埼玉高等学校	049-235-3222	中	https://www.inter-edu.com/schools/school/202	中高併設。学校情報サイト1件のみで確認
32	西武学園文理高等学校	04-2954-4080	高	https://www.bunri-s.ed.jp/wp-content/uploads/2023/09/8dc6f2ecb08556dbce1a5e6fdde67118.pdf	公式資料に「代表」と記載。中高共通
33	西武台高等学校	048-481-1701	高	https://www.inter-edu.com/schools/school/533 ; https://school.js88.com/scl_j/34029399	西武台新座中学校と共通
34	聖望学園高等学校	042-973-1500	高	https://www.inter-edu.com/schools/school/1960	中高共通
35	清和学園高等学校	049-292-2017	中	https://studychain.jp/media/guide-112-2/	通信制。学校情報サイト1件のみで確認
36	創学舎高等学校		低	https://studychain.jp/media/guide-113-2/	通信制（株式会社立）。電話番号が見つからず
37	東京成徳大学深谷高等学校	048-571-1303	中	https://www.inter-edu.com/schools/school/274	中高共通。学校情報サイト1件のみで確認
38	東京農業大学第三高等学校	0493-24-4611	中	https://www.inter-edu.com/schools/school/179	中高共通。学校情報サイト1件のみで確認
39	東邦音楽大学附属東邦第二高等学校	049-235-2401	中	https://www.inter-edu.com/schools/school/1935	学校情報サイト1件のみで確認
40	獨協埼玉高等学校	048-977-5441	中	https://www.inter-edu.com/schools/school/178	中高共通。学校情報サイト1件のみで確認
41	花咲徳栄高等学校	0480-65-7181	中	https://www.inter-edu.com/schools/school/669	学校情報サイト1件のみで確認
42	東野高等学校	04-2934-5292	高	https://www.inter-edu.com/schools/school/1030 ; https://school.js88.com/scl_h/22005080	正式名は盈進学園東野高校。2つのサイトで一致
43	武南高等学校	048-441-6948	高	https://www.inter-edu.com/schools/school/273 ; https://shingakunet.com/area/saitama/warabishi/	中高併設。2つのサイトで一致
44	星野高等学校	049-223-2888	中	https://www.inter-edu.com/schools/school/180 ; https://www.minkou.jp/hischool/school/4218/	石原キャンパス（中高共通）の番号。女子部（末広キャンパス）は別番号の可能性
45	細田学園高等学校	048-471-3255	中	https://www.inter-edu.com/schools/school/683	学校情報サイト1件のみで確認
46	本庄第一高等学校	0495-24-1331	高	https://school.js88.com/scl_h/22004700 ; https://www.hon1.ed.jp/wp-content/uploads/2024/03/67d4127a74b803e7daefda6a83089c2d.pdf	公式資料と学校情報サイトで一致。0495-24-1332は中学校の番号
47	本庄東高等学校	0495-22-6351	高	https://www.honjo-higashi.ed.jp/senior/hyouka-sheet.pdf ; https://www.inter-edu.com/schools/school/181	代表として掲載。附属中学校は別番号（0495-27-6711）
48	松栄学園高等学校		低	https://map.yahoo.co.jp/v3/place/x-2539sF1cY	通信制。春日部本校の番号を確定できず。候補：048-978-0828（越谷校の番号の可能性）
49	武蔵越生高等学校	049-292-3245	中	https://www.inter-edu.com/schools/school/694	学校情報サイト1件のみで確認
50	武蔵野音楽大学附属高等学校	04-2932-3063	中	https://school.js88.com/scl_h/22004890	直通として掲載。2027年4月に練馬区へ移転予定との情報あり
51	武蔵野星城高等学校	048-987-1094	中	https://studychain.jp/media/guide-115-2/ ; https://shingakunet.com/area/saitama/koshigayashi/	通信制。学校情報サイト2件で一致、公式未確認
52	山村学園高等学校	049-225-3565	中	https://www.inter-edu.com/schools/school/699	学校情報サイト1件のみで確認。山村国際高校（坂戸市）とは別の学校
53	山村国際高等学校	049-281-0221	高	https://www.inter-edu.com/schools/school/700 ; https://school.js88.com/scl_h/22004720	2つのサイトで一致。山村学園高校（川越市）とは別の学校
54	立教新座高等学校	048-471-2323	高	https://www.inter-edu.com/schools/school/1950	中高共通
55	早稲田大学本庄高等学院	0495-21-2400	高	https://www.waseda.jp/school/honjo/access ; https://map.yahoo.co.jp/v3/place/Ob_2QGs8iuA	公式サイトで確認
