1	会津北嶺高等学校	0242-22-1004	高	https://www.city.aizuwakamatsu.fukushima.jp/info/2024041000377/ ; https://school.js88.com/scl_h/22031860/	会津若松市の資料と学校情報サイトで一致。2017年に若松第一高校から改称
2	会津若松ザベリオ学園高等学校	0242-27-1970	高	https://www.aizu-xaverio.ed.jp/ ; https://www.city.aizuwakamatsu.fukushima.jp/info/2024041000384/	公式サイトで確認。中高共通。一部の地図サイトではFAX（0242-27-3300）が電話番号として誤って載っているので注意
3	石川高等学校	0247-26-5151	高	https://ishikawa-gijuku.ac.jp/lp2020/ ; https://school.js88.com/scl_h/22031850	私立（通称「学法石川」）。県立石川高校とは別なので注意。石川義塾中学校と共通
4	いわき秀英高等学校	0246-75-2111	高	https://www.pref.fukushima.lg.jp/uploaded/attachment/598705.pdf ; https://www.minkou.jp/junior/school/94497/	福島県の資料と学校情報サイトで一致
5	磐城第一高等学校	0246-26-1251	高	https://www.iwaki1-h.ed.jp/	公式サイトで確認。私立の女子校。県立磐城高校（0246-23-2566）とは別なので注意
6	磐城緑蔭高等学校	0246-25-6341	高	https://www.pref.fukushima.lg.jp/uploaded/attachment/598705.pdf ; https://school.js88.com/scl_h/22031900	福島県の資料と学校情報サイトで一致
7	郡山女子大学附属高等学校	024-932-4848	中	https://school.js88.com/scl_h/22031810/	大学と共通の代表番号。高校に取り次いでもらう形になる可能性あり。公式サイトでは未確認
8	桜の聖母学院高等学校	024-535-3141	高	https://www.pref.fukushima.lg.jp/uploaded/attachment/598705.pdf ; https://school.js88.com/scl_h/22031780	福島県の資料と学校情報サイトで一致
9	松韻学園福島高等学校	024-534-3480	高	https://www.pref.fukushima.lg.jp/uploaded/attachment/598705.pdf ; https://school.js88.com/scl_h/22031760/	福島県の資料と学校情報サイトで一致
10	尚志高等学校	024-951-3500	高	https://www.shoshi.ed.jp/highschool/traffic/index.html ; https://www.mapion.co.jp/phonebook/M11004/07203/ILSP0000041943_ipclm/	公式サイトで確認。学校法人の本部（024-951-1476）とは別
11	仁愛高等学校	0242-25-0581	高	https://school.js88.com/scl_h/34028620/ ; https://www.pref.fukushima.lg.jp/uploaded/attachment/598705.pdf	福島県の資料と学校情報サイトで一致
12	聖光学院高等学校（福島県）	024-583-3325	高	https://www.seikogakuin.jp/pdf_file/2023outline.pdf?v=3 ; http://www.seikogakuin.jp/	公式資料に「代表」と記載（第一校舎・伊達市）。第二校舎（桑折町）は024-583-2168
13	帝京安積高等学校	024-941-7755	高	https://school.js88.com/scl_h/22031820	学校情報サイト2件で一致、公式サイトでは未確認
14	日本大学東北高等学校	024-956-8840	中	https://www.tohoku.hs.nihon-u.ac.jp/inq/inq.html	公式サイトの住所欄の番号（「代表」の表記なし）。入試・学校案内の問い合わせは024-956-8838、広報部は024-956-8856
15	東日本国際大学附属昌平高等学校	0246-57-1123	高	https://shohei-chukou.ac.jp/school_guidance/access/ ; https://shohei-chukou.ac.jp/contact/	公式サイトに「代表」と記載。中高共通。一部サイトの0246-88-6743は公式と異なるため不採用
16	福島成蹊高等学校	024-522-2049	高	https://www.pref.fukushima.lg.jp/uploaded/attachment/598705.pdf ; https://school.js88.com/scl_h/22031770?page=5	福島県・文部科学省の資料と学校情報サイトで一致。中学校は別番号（024-526-2282）
17	福島東稜高等学校	024-535-3316	高	https://www.toryo.ac.jp/ ; https://www.mapion.co.jp/phonebook/M11004/07201/ILSP0000040636_ipclm/	公式サイトで確認
