1	日出学園高等学校	047-324-0071	中	https://www.inter-edu.com/schools/school/169 ; https://school.js88.com/scl_h/22006740/	複数サイトで一致するが「学園業務部」の番号とする掲載あり。千葉県の古い一覧には047-322-3660の記載。代表か要確認
2	愛国学園大学附属四街道高等学校	043-421-3533	高	https://school.js88.com/scl_h/22007000 ; https://www.minkou.jp/hischool/school/4/	複数サイトで一致
3	あずさ第一高等学校		低	https://www.minkou.jp/hischool/school/305/	通信制。代表番号が見つからず。候補：04-7122-2400（求人の応募用番号）
4	我孫子二階堂高等学校	04-7182-0101	高	https://school.js88.com/scl_h/22006850	学校情報サイトの複数ページで一致
5	市川高等学校（千葉県）	047-339-2681	高	https://www.inter-edu.com/schools/school/24 ; https://school.js88.com/scl_h/22006640/	中高共通。「代表」として掲載
6	市原中央高等学校	0436-36-7131	中	https://www.inter-edu.com/schools/school/558	学校情報サイト1件のみで確認
7	植草学園大学附属高等学校	043-252-3551	高	https://www.inter-edu.com/schools/school/560 ; https://www.univpress.co.jp/gk_pdf/12542.pdf	2つの情報源で一致
8	桜林高等学校	043-233-8081	高	https://www.inter-edu.com/schools/school/1817 ; https://school.js88.com/scl_h/34025096	2つのサイトで一致
9	鴨川令徳高等学校	04-7092-0267	高	https://reitoku.ed.jp/pdf/2024年度生徒募集要項.pdf	公式の募集要項で確認
10	木更津総合高等学校	0438-30-5511	中	https://www.inter-edu.com/schools/school/579	学校情報サイト1件のみで確認
11	暁星国際高等学校	0438-52-3291	高	https://www.inter-edu.com/schools/school/27 ; https://www.minkou.jp/junior/school/9352/	中高共通。東京の暁星とは別の学校
12	敬愛学園高等学校	043-251-6361	高	https://www.inter-edu.com/schools/school/583 ; https://school.js88.com/scl_h/22006800	2つのサイトで一致。千葉敬愛・敬愛大学八日市場・横芝敬愛とは別の学校
13	敬愛大学八日市場高等学校	0479-72-1588	高	https://www.pref.chiba.lg.jp/gakuji/shiritsutou/shiritsugakkou/koukou-meibo.html ; https://school.js88.com/scl_h/22006590	千葉県の私立高校名簿と一致。通信制の問い合わせは0479-79-6600とみられる
14	光英VERITAS高等学校	047-392-8111	中	https://www.inter-edu.com/schools/school/532 ; https://school.js88.com/scl_h/22007070	中高共通。旧 聖徳大学附属女子高校
15	国府台女子学院高等部	047-326-8100	中	https://school.js88.com/scl_h/22006780 ; https://www.pref.chiba.lg.jp/kyouiku/seisaku/kouhou/kyouikubinran/documents/192-197_1.pdf	千葉県の教育便覧では高等部の番号。中高の番号として047-322-7770を載せる資料もあり、代表か不明。中学部は047-322-7777
16	志学館高等部	0438-37-3131	高	https://www.shigakukan.ed.jp/contents/wp-content/uploads/2025/09/SS_Pamph2026.pdf	公式パンフレットに「代表」と記載
17	芝浦工業大学柏高等学校	04-7174-3100	高	https://www.ka.shibaura-it.ac.jp/wp-content/uploads/2026/02/b3c50081251967bacbbff120efa7d4b7.pdf	公式資料で確認。中高共通
18	渋谷教育学園幕張高等学校	043-271-1221	高	https://www.shibumaku.jp/wp-content/uploads/2021/03/transfer2021-4.pdf	公式資料で確認。中高共通
19	秀明大学学校教師学部附属秀明八千代高等学校	047-450-7001	高	https://school.js88.com/scl_h/22007080 ; https://www.inter-edu.com/schools/school/209	2つのサイトで一致
20	翔凜高等学校	0439-55-1200	高	https://school.js88.com/scl_h/22007120/ ; https://www.inter-edu.com/schools/school/1485	中高共通
21	昭和学院高等学校	047-323-4171	高	https://www.inter-edu.com/schools/school/214 ; https://www.pref.chiba.lg.jp/gakuji/shiritsutou/shiritsugakkou/documents/r8chugaku.pdf	中高共通。昭和学院秀英（千葉市）とは別の学校
22	昭和学院秀英高等学校	043-272-2481	高	https://www.inter-edu.com/schools/school/34	中高共通。複数サイトで一致
23	西武台千葉高等学校	04-7127-1111	高	https://school.js88.com/scl_h/22007100/ ; https://www.inter-edu.com/schools/school/163	中高共通
24	専修大学松戸高等学校	047-362-9101	中	https://univpress.co.jp/gk_pdf/12524.pdf	資料では高校9101・中学9102と併記。中高代表を047-362-9102とするサイトもあり食い違い
25	拓殖大学紅陵高等学校	0438-37-2511	中	https://www.inter-edu.com/schools/school/627	学校情報サイト1件のみで確認
26	千葉英和高等学校	047-484-5141	高	https://www.inter-edu.com/schools/school/643 ; https://school.js88.com/scl_h/22006720?page=5	2つのサイトで一致
27	千葉学芸高等学校	0475-52-1161	高	https://cgh.ed.jp/edu-contents/hyoka/2025evaluation.pdf	公式資料で確認
28	千葉敬愛高等学校	043-422-0131	高	https://www.pref.chiba.lg.jp/gakuji/shiritsutou/shiritsugakkou/koukou-meibo.html	千葉県の私立高校名簿（R8）で確認
29	千葉経済大学附属高等学校	043-251-7221	高	https://www.pref.chiba.lg.jp/gakuji/shiritsutou/shiritsugakkou/koukou-meibo.html	千葉県の私立高校名簿で確認
30	千葉県安房西高等学校	0470-22-0545	中	https://school.js88.com/scl_h/22006670	私立。学校情報サイト1件のみで確認。県立安房高校（0470-22-0130）とは別の学校
31	千葉商科大学付属高等学校	047-373-2111	高	https://www.inter-edu.com/schools/school/644 ; https://www.univpress.co.jp/gk_pdf/12519.pdf	2つの情報源で一致
32	千葉聖心高等学校	043-225-4151	中	https://www.inter-edu.com/schools/school/999	学校情報サイト1件のみで確認
33	千葉日本大学第一高等学校	047-466-5155	中	https://www.inter-edu.com/schools/school/165	中高共通。学校情報サイト1件のみで確認
34	千葉萌陽高等学校	0478-52-2959	中	https://school.js88.com/scl_h/22006730?page=6	学校情報サイト1件のみで確認
35	千葉明徳高等学校	043-265-1612	高	https://edu.chibameitoku.ac.jp/contents/wp-content/uploads/2025/06/sembatsu.pdf	中高共通（公式資料で確認）。043-265-1611は法人事務所
36	千葉黎明高等学校	043-443-3221	高	https://www.inter-edu.com/schools/school/642 ; https://map.yahoo.co.jp/v3/place/QKbeFNPqVqA	2つの情報源で一致
37	中央学院高等学校	04-7188-1101	高	https://www.chuogakuin-h.ed.jp/contents/wp-content/uploads/2022/06/549b6957b0479fd3fb964d3fc7063ede.pdf	公式資料で確認
38	東海大学付属市原望洋高等学校	0436-74-4721	中	https://school.js88.com/scl_h/22006900	学校情報サイト1件のみで確認
39	東海大学付属浦安高等学校	047-351-2371	高	https://www.inter-edu.com/schools/school/166	高校・中等部共通。複数サイトで一致
40	東京学館浦安高等学校	047-353-8821	高	https://www.inter-edu.com/schools/school/167 ; https://school.js88.com/scl_h/22007020?page=5	2つのサイトで一致
41	東京学館高等学校	043-496-3881	中	https://www.inter-edu.com/schools/school/660	学校情報サイト1件のみで確認。東京学館浦安・東京学館船橋とは別の学校
42	東京学館船橋高等学校	047-457-4611	中	https://school.js88.com/scl_h/22007110	代表として掲載。学校情報サイト1件のみで確認
43	東邦大学付属東邦高等学校	047-472-8191	中	https://www.inter-edu.com/schools/school/39	中高共通。高校募集なし（完全中高一貫）との情報あり
44	東葉高等学校	047-463-2111	中	https://www.inter-edu.com/schools/school/1027	学校情報サイト1件のみで確認
45	中山学園高等学校	047-422-4380	中	https://studychain.jp/media/?p=36633	通信制。学校情報サイト1件のみで確認
46	成田高等学校	0476-22-2131	高	https://www.inter-edu.com/schools/school/168	中高共通。2つのサイトで一致
47	二松学舎大学附属柏高等学校	04-7191-5242	中	https://school.js88.com/scl_h/22006870 ; https://univpress.co.jp/gk_pdf/12531.pdf	04-7191-3179を載せるサイトもあり食い違い
48	日本体育大学柏高等学校	04-7167-1301	中	https://www.inter-edu.com/schools/school/667	学校情報サイト1件のみで確認
49	日本大学習志野高等学校	047-469-5555	高	https://www.nnhs.cst.nihon-u.ac.jp/pdf/recruit/educational_r9.pdf	公式資料に「代表」と記載
50	不二女子高等学校	047-333-6345	高	https://www.inter-edu.com/schools/school/1000 ; https://school.js88.com/scl_h/22006940	2つのサイトで一致
51	明聖高等学校		低	https://map.yahoo.co.jp/v3/place/luayqlYCpL2 ; https://resemom.jp/release/prtimes/20260903/209471.html	通信制。【移転】2026年9月に千葉本校が中央区中央港へ移転。移転前の番号は043-225-5622で、移転後の番号は確認できず
52	茂原北陵高等学校	0475-34-3211	中	https://www.inter-edu.com/schools/school/1028	学校情報サイト1件のみで確認
53	八千代松陰高等学校	047-482-1234	高	https://www.yachiyoshoin.ac.jp/shs/admission-s/school-guide-s/	公式サイトで確認。中高共通
54	横芝敬愛高等学校	0479-82-1239	中	https://school.js88.com/scl_h/22006910	学校情報サイト1件のみで確認
55	流通経済大学付属柏高等学校	04-7131-5611	高	https://www.inter-edu.com/schools/school/2185 ; https://school.js88.com/scl_h/22007090	2つのサイトで一致
56	麗澤高等学校	04-7173-3700	高	https://www.inter-edu.com/schools/school/46 ; https://school.js88.com/scl_h/22006710?page=5	中高共通
57	わせがく高等学校	0479-70-7622	高	https://www.wasegaku.ac.jp/img/others/informationdisclosure/schoolcatalog.pdf	通信制。公式の学校要覧で多古町の本校の番号として確認
58	和洋国府台女子高等学校	047-371-1120	高	https://www.inter-edu.com/schools/school/2051 ; https://school.js88.com/scl_h/22006700	2つのサイトで一致
