1	足利短期大学附属高等学校	0284-21-7344	高	https://www.minkou.jp/hischool/school/302/ ; https://www.mapion.co.jp/phonebook/M11004/09202/ILSP0000040888_ipclm/	【校名変更】2025年4月から「足利大学附属女子高等学校」。番号は変更なし。足利大学附属高校（0284-71-1285）とは別の学校
2	足利大学附属高等学校	0284-71-1285	高	https://www.minkou.jp/hischool/school/301/ ; https://school.js88.com/scl_h/22002100	学校情報サイト複数で一致、公式サイトの「代表」表記は未確認
3	宇都宮短期大学附属高等学校	028-634-4161	高	https://school.js88.com/scl_h/22002040/ ; https://jsite.mhlw.go.jp/tochigi-roudoukyoku/gakusotsu__teisei.html	複数の情報源で一致。附属中学校と共通
4	宇都宮文星女子高等学校	028-621-8156	高	https://map.yahoo.co.jp/v3/place/9Q5SymdS8No ; https://school.js88.com/scl_h/22002030	Yahoo!マップと学校情報サイトで一致
5	國學院大學栃木高等学校	0282-22-5511	高	https://kokugakuintochigi.jp/wp/wp-content/uploads/2026/06/2027KOKUTOCHI_H.pdf	公式パンフレットに「代表」と記載。入試広報室直通は0282-25-5020
6	幸福の科学学園高等学校	0287-75-7777	高	https://www.inter-edu.com/schools/school/2541 ; https://school.js88.com/scl_h/34025366	那須本校。学校情報サイト複数で一致、公式サイトでは未確認
7	作新学院高等学校	028-648-1811	高	https://school.js88.com/scl_h/22002010 ; https://www.sakushin.ac.jp/wp/wp-content/uploads/suadmin/2019/10/a2a92c2162621f8c78cf9e06ac2f5a7c.pdf	学院共通の代表番号（公式資料で確認）。高校に取り次ぎを依頼
8	佐野清澄高等学校	0283-23-0841	高	https://school.js88.com/scl_h/22002070 ; https://www.inter-edu.com/schools/school/1513	「代表」として掲載。県立佐野高校（0283-23-0161）とは別の学校
9	佐野日本大学高等学校	0283-25-0111	高	https://high.sano-nichidai.jp/	公式サイトで確認。0283-25-0373は学園の法人事務局の番号
10	青藍泰斗高等学校	0283-86-2511	高	http://www.seirantaito.ed.jp/access.html ; https://itp.ne.jp/info/098605730100000899/	公式サイトとiタウンページで一致
11	白鷗大学足利高等学校	0284-41-0890	高	https://hakuoh-h.jp/contact/ ; https://itp.ne.jp/info/097866830100000899/	本校舎の番号（公式サイト）。新校舎は0284-41-0801。富田キャンパスは2024年4月に本校舎へ統合済み
12	日々輝学園高等学校	0287-41-3851	高	https://www.hibiki-gakuen.ed.jp/access/ ; https://school.js88.com/scl_h/34028539	塩谷町の本校（通信制・公式サイト）。各校舎は別番号
13	文星芸術大学附属高等学校	028-636-8585	高	https://www.bunsei.ed.jp/access.html ; https://www.mapion.co.jp/phonebook/M11004/09201/ILSP0000041983_ipclm/	公式サイトで確認。附属中学校は028-636-8000
14	星の杜高等学校	028-667-0700	中	https://hoshinomori.ed.jp/newstudent ; https://www.mapion.co.jp/phonebook/M11004/09201/ILSP0000041355_ipclm/	公式の新入生ページの問い合わせ先（平日9〜17時）。公式サイトのフッターには学校の番号として028-667-0701の記載もあり。どちらが代表か要確認
15	矢板中央高等学校	0287-43-0447	高	https://www.mapion.co.jp/phonebook/M11004/09211/ILSP0000041686_ipclm/ ; https://school.js88.com/scl_h/22002120	複数の情報源で一致
