1	青森明の星高等学校	017-741-0121	高	https://www.aomoriakenohoshi.ed.jp/ ; https://www.mapion.co.jp/phonebook/M11004/02201/ILSP0000041805_ipclm/	公式サイトで確認。中学校と共通。017-741-0123は短大の番号なので注意
2	青森山田高等学校	017-739-2001	高	https://www.pref.aomori.lg.jp/soshiki/soumu/gakuji/files/R5_kou.pdf ; https://studychain.jp/koukoudb/school/82/	全日制の番号。青森県の一覧ほか複数で一致。通信制は別番号（017-728-5030・未検証）
3	向陵高等学校	0178-44-3866	中	https://school.js88.com/scl_h/22027860/	JS日本の学校のみで確認。千葉学園と同じ系列
4	五所川原第一高等学校	0173-34-2347	高	https://www.mapion.co.jp/phonebook/M11004/02205/ILSP0000040727_ipclm/ ; https://www.pref.aomori.lg.jp/soshiki/soumu/gakuji/files/R4_kou.pdf	全日制の番号。職員室直通は0173-34-3635、通信制課程は0173-26-6662
5	柴田学園大学附属柴田学園高等学校	0172-32-0135	高	https://hs.shibata.ac.jp/access/ ; https://school.js88.com/scl_h/22027720	公式サイトで確認。0172-32-6151は短大の番号なので注意
6	下山学園高等学校	0173-23-5541	高	https://school.js88.com/scl_h/22027820?page=7 ; https://www.navitime.co.jp/category/0504/02384/	2つの情報源で一致
7	松風塾高等学校	017-756-2817	高	https://www.pref.aomori.lg.jp/soshiki/kodomo/kenmin/files/R6_kou.pdf ; https://school.js88.com/scl_h/22027830?page=7	青森県の一覧（R6）と学校情報サイトで一致
8	千葉学園高等学校	0178-43-4321	高	https://www.pref.aomori.lg.jp/soshiki/kodomo/kenmin/files/R6_kou.pdf ; https://www.mapion.co.jp/phonebook/M11004/02203/ILSP0000041720_ipclm/	青森県の一覧・マピオン・学校情報サイトで一致
9	東奥学園高等学校	017-775-2121	高	https://www.toogakuen.ac.jp/	公式サイトで確認。通信制課程も同じ番号
10	東奥義塾高等学校	0172-92-4111	高	https://www.pref.aomori.lg.jp/soshiki/soumu/gakuji/files/R5_kou.pdf ; https://school.js88.com/scl_h/22027700	青森県の私立高校一覧と学校情報サイトで一致
11	八戸学院光星高等学校	0178-33-4151	高	https://kh.hachinohe-u.ac.jp/scinfo/summary/	公式サイトで確認。入試関係（総務部直通）は0178-35-2043
12	八戸学院野辺地西高等学校	0175-64-4166	中	https://school.js88.com/scl_h/22027840	野辺地町の本校。JS日本の学校のみで確認
13	八戸工業大学第一高等学校	0178-33-5121	高	https://school.js88.com/scl_h/22027800 ; https://map.yahoo.co.jp/v3/place/dGZMNK1nstI	代表番号。2つの情報源で一致
14	八戸工業大学第二高等学校	0178-25-4311	高	https://www.kodai2-h.ed.jp/access	公式サイトで確認。附属中学校と共通
15	八戸聖ウルスラ学院高等学校	0178-27-2245	高	https://unesco-sdgs.mext.go.jp/stakeholders/hachinohe-st-ursula-junior-and-senior-high-school ; https://studychain.jp/koukoudb/school/4086/	中高共通の番号
16	弘前学院聖愛高等学校	0172-87-1411	高	https://www.pref.aomori.lg.jp/soshiki/kodomo/kenmin/files/R6_kou.pdf	青森県の私立高校一覧（R4・R6版）で確認
17	弘前東高等学校	0172-27-6487	高	https://hirosakihigashi-th.ed.jp/ ; https://www.pref.aomori.lg.jp/soshiki/soumu/gakuji/files/R5_kou.pdf	公式サイトと青森県の一覧で一致
