1	旭川志峯高等学校	0166-48-1221	高	https://jsite.mhlw.go.jp/hokkaido-hellowork/content/contents/002280302.pdf ; https://school.js88.com/scl_h/22052950	旧称は旭川大学高校。ハローワーク旭川の名簿（R7.6）とJS日本の学校の番号が一致
2	旭川実業高等学校	0166-51-1246	高	https://jsite.mhlw.go.jp/hokkaido-hellowork/content/contents/002280302.pdf ; https://school.js88.com/scl_h/22052940	ハローワーク名簿とJS日本の学校・みんなの高校情報の番号が一致
3	旭川藤星高等学校	0166-51-8125	中	https://school.js88.com/scl_h/22052920	JS日本の学校のみで確認。公式サイトは asahikawa-tosei.jp
4	旭川明成高等学校	0166-51-3220	高	https://jsite.mhlw.go.jp/hokkaido-hellowork/content/contents/002280302.pdf ; https://school.js88.com/scl_h/22053120	ハローワーク名簿とJS日本の学校の番号が一致
5	旭川龍谷高等学校	0166-39-2700	高	https://school.js88.com/scl_h/22052930 ; https://www.doshigaku.jp/pdf/2023_transfe_10.pdf	JS日本の学校と道私学協会の資料（2023）の番号が一致
6	遺愛女子高等学校	0138-51-0418	高	https://www.iaijoshi-h.ed.jp/wp-content/uploads/2022/07/2023遺愛女子高校パンフレット.pdf	公式パンフレットで確認。学院の代表番号（中学校と共通）
7	池上学院高等学校	011-811-5297	中	https://www.minkou.jp/hischool/school/330/	通信制・札幌本校の番号。入学相談用フリーダイヤル0120-195-315の記載もあり
8	小樽双葉高等学校	0134-32-1828	高	https://school.js88.com/scl_h/22052880 ; https://www.doshigaku.jp/pdf/2023_transfe_10.pdf	JS日本の学校と道私学協会の資料の番号が一致。通信制課程の職員室は0134-31-3100
9	小樽明峰高等学校	0134-22-7755	高	https://school.js88.com/scl_h/22052890/ ; https://www16.sapporo-c.ed.jp/sakaeminami-j/attach/get2/4692/0	JS日本の学校と札幌市中学校の資料の番号が一致
10	帯広大谷高等学校	0155-33-5811	中	https://www.koubunren-volunteer.hokkaido-c.ed.jp/wysiwyg/file/download/1/16	2018年の高文連資料のみで確認。最新かは未確認
11	帯広北高等学校	0155-47-0121	高	https://school.js88.com/scl_h/22053070 ; https://www.minkou.jp/hischool/school/1042/	JS日本の学校とみんなの高校情報の番号が一致
12	海星学院高等学校	0143-46-8888	中	https://school.js88.com/scl_h/22053040	JS日本の学校のみで確認
13	北見藤高等学校	0157-23-3212	高	https://school.js88.com/scl_h/22052980 ; https://map.yahoo.co.jp/v3/place/F1bCf-OH6f6	JS日本の学校とYahoo!マップで一致
14	クラーク記念国際高等学校	0164-24-2001	中	https://www.minkou.jp/hischool/school/1635/	深川市の本校の番号。全国にキャンパスあり
15	駒澤大学附属苫小牧高等学校	0144-32-6291	中	https://school.js88.com/scl_h/22053010	JS日本の学校のみで確認
16	札幌大谷高等学校	011-731-2451	高	https://www.city.sapporo.jp/higashi/about/ins_school.html ; https://school.js88.com/scl_h/22052680	札幌市の一覧とJS日本の学校で一致。中学校と共通
17	札幌光星高等学校	011-711-7161	高	https://www.sapporokosei.ac.jp/common/img/content/content_20260428_165448.pdf	公式資料に「代表」と記載
18	札幌新陽高等学校	011-821-6161	高	https://www.city.sapporo.jp/minami/shisetsu/sonota.html ; https://school.js88.com/scl_h/22052720	札幌市の一覧とJS日本の学校で一致
19	札幌自由が丘学園三和高等学校		低	https://sanwa71.sakura.ne.jp/contact/ ; https://www.mapion.co.jp/phonebook/M11004/01464/ILSP0000041214_ipclm/	和寒本校の番号を特定できず。候補：011-792-1468（公式では札幌学習センター）／011-743-1267。校名変更の可能性あり
20	札幌静修高等学校	011-521-0234	中	https://school.js88.com/scl_h/22052690	JS日本の学校のみで確認
21	札幌創成高等学校	011-726-1578	高	https://www.doshigaku.jp/pdf/2023_transfe_10.pdf ; https://school.js88.com/scl_h/22049910	道私学協会の資料と札幌市中学校の配布資料で一致
22	札幌第一高等学校	011-851-9361	高	https://www.kibou.ac.jp/daiichi/introduction/access/	公式サイトで「代表」と確認。入試事務局は011-851-6729
23	札幌日本大学高等学校	011-375-2611	高	https://school.js88.com/scl_h/22053100	複数資料で一致。中高併設
24	札幌北斗高等学校	011-711-6121	高	https://www.city.sapporo.jp/higashi/about/ins_school.html	札幌市東区の学校一覧と地図サイトで一致
25	札幌山の手高等学校	011-611-7301	高	https://school.js88.com/scl_h/22052710	代表番号。札幌市立中学校の配布資料と一致
26	札幌龍谷学園高等学校	011-631-4386	中	https://www16.sapporo-c.ed.jp/kiyota-j/attach/get2/2208/0	札幌市立中学校の配布チラシで確認。公式サイトでは未確認
27	白樺学園高等学校	0155-62-7411	高	https://school.js88.com/scl_h/22053060	中高併設
28	星槎国際高等学校	0124-24-6101	高	https://seisa.ed.jp/ashibetsu/access/	芦別の本部校の番号（公式サイト）。全国にキャンパスあり
29	清尚学院高等学校	0138-41-6584	中	https://school.js88.com/scl_h/22052840	JS日本の学校のみで確認
30	東海大学付属札幌高等学校	011-571-5175	高	https://school.js88.com/scl_h/22052760/	複数資料で一致
31	苫小牧中央高等学校	0144-74-4200	高	https://haragakuen.ac.jp/access/	公式サイト：事務室。職員室は0144-74-4300
32	日本航空高等学校 北海道	0123-28-1155	高	https://school.js88.com/scl_h/34055718	千歳市の北海道キャンパスの番号。日本航空大学校とは別
33	函館大谷高等学校	0138-52-1834	中	https://school.js88.com/scl_h/22052800/	JS日本の学校のみで確認
34	函館大妻高等学校	0138-52-1890	中	https://www.minkou.jp/hischool/school/deviation/3622/?c=1	みんなの高校情報のみで確認
35	函館白百合学園高等学校	0138-55-6682	高	https://school.js88.com/scl_h/22052830	中高共通の代表番号
36	函館大学付属柏稜高等学校	0138-51-1481	高	https://school.js88.com/scl_h/22052850	JS日本の学校とみんなの高校情報で一致
37	函館大学付属有斗高等学校	0138-57-1381	高	https://school.js88.com/scl_h/22052810	複数の進学情報サイトで一致
38	函館ラ・サール高等学校	0138-52-0365	高	https://school.js88.com/scl_h/22052860?page=6	中高共通。複数サイトで一致
39	藤女子高等学校	011-707-5001	高	https://www.fuji-gjshs.jp/20020/files/2026kou_youkou.pdf	公式の募集要項PDFと道私学協会の資料で一致
40	武修館高等学校	0154-47-3211	高	https://school.js88.com/scl_h/22053090/	JS日本の学校とみんなの高校情報で一致。中学校は別番号（0154-47-3220）
41	北照高等学校	0134-32-0331	高	https://school.js88.com/scl_h/22052870	複数サイトと公式PDFで一致
42	北星学園女子高等学校	011-561-7153	高	https://school.js88.com/scl_h/22052670?page=9	学校情報サイトと札幌市中学校の掲載資料で一致
43	北星学園大学附属高等学校	011-897-2881	高	https://school.js88.com/scl_h/22052660	JS日本の学校とみんなの高校情報で一致
44	北星学園余市高等学校	0135-23-2165	中	https://school.js88.com/scl_h/22052900/	公式PDF（2026年5月）では「事務室 0135-23-2166」の記載あり。要確認
45	北嶺高等学校	011-883-4651	高	https://school.js88.com/scl_h/22053110 ; https://www.inter-edu.com/schools/school/321	中高共通。複数サイトで一致
46	北海学園札幌高等学校	011-841-1161	高	https://www.hgs.ed.jp/about/index.html	公式サイトで「代表」と確認。北海高校・北海学園大学と同じ代表番号のため、学校名を伝えて取り次ぎを依頼
47	北海高等学校	011-841-1161	中	https://school.js88.com/scl_h/22052590 ; https://www.hokkai.ed.jp/sub/access.html	北海学園の共通代表番号。学校名を伝えて取り次ぎを依頼
48	北海道大谷室蘭高等学校	0143-44-5641	中	https://school.js88.com/scl_h/22052990?page=6	学校情報サイト1件のみで確認
49	北海道科学大学高等学校	011-699-6987	高	https://www.city.sapporo.jp/teine/shisetsu/school.html ; https://school.js88.com/scl_h/22052630/	札幌市の一覧で確認。大学の番号とは別
50	北海道芸術高等学校	0135-48-5131	中	https://www.kyokei.ac.jp/contact/	【所在地注意】本校は2015年に清水町から仁木町へ移転済み。番号は仁木本校のもの
51	北海道栄高等学校	0144-82-2185	中	https://school.js88.com/scl_h/22053020/	白老町。苫小牧市への移転計画の報道あり（移転後は番号が変わる可能性）
52	北海道文教大学附属高等学校	0123-25-5570	高	https://school.js88.com/scl_h/22052730	複数サイトで一致
53	酪農学園大学附属とわの森三愛高等学校	011-386-3111	中	https://school.js88.com/scl_h/22052750/	代表番号。通信制課程は011-388-4831
54	立命館慶祥高等学校	011-381-8888	高	https://www.minkou.jp/junior/school/6019/	中高共通。札幌市立中学校の配布資料と一致
55	稚内大谷高等学校	0162-32-2660	中	https://school.js88.com/scl_h/22052960	学校情報サイト1件のみで確認
