1	愛国学園大学附属龍ヶ崎高等学校	0297-66-0757	高	https://kyoiku.pref.ibaraki.jp/private-school/school-16/ ; https://www.city.ryugasaki.ibaraki.jp/shisei/SDGs/SDGspartner.files/aikoku.syoukai.pdf	茨城県の名簿と龍ケ崎市の資料で一致。女子校
2	茨城キリスト教学園高等学校	0294-52-3215	高	https://kyoiku.pref.ibaraki.jp/private-school/school-9/ ; https://school.js88.com/scl_h/22001120	学園の代表番号。一部サイトではFAX（0294-53-9927）が電話番号として誤って載っているので注意
3	茨城高等学校	029-221-4936	高	https://www.ibaraki-jsh.ed.jp/access ; https://kyoiku.pref.ibaraki.jp/private-school/school-1/	公式サイトで確認。中学校と共通
4	岩瀬日本大学高等学校	0296-75-2242	高	https://www.tng.ac.jp/iwase/ ; https://kyoiku.pref.ibaraki.jp/private-school/school-13/	公式サイトに「代表」と記載。入試広報直通は0296-75-6467
5	Ｓ高等学校	029-879-5801	中	https://kyoiku.pref.ibaraki.jp/private-school/school-32/	茨城県の名簿に載っているつくば本校の番号（広域通信制、N高グループ）。公式の窓口は入学相談のフリーダイヤル0120-025-215
6	江戸川学園取手高等学校	0297-74-8771	高	https://www2.e-t.ed.jp/ ; https://kyoiku.pref.ibaraki.jp/private-school/school-18/	公式サイトに「代表」と記載。中高共通。一部サイトの0297-74-0111は公式と異なる
7	鹿島学園高等学校	0299-83-3211	高	https://kgh.ed.jp/contact/main.html ; https://kyoiku.pref.ibaraki.jp/private-school/school-29/	全日制の代表（公式サイト）。入試部直通は0299-83-3215。通信制の本部は0299-85-2020
8	霞ヶ浦高等学校	029-887-0013	高	https://www.kasumi.ed.jp/%E3%81%8A%E5%95%8F%E3%81%84%E5%90%88%E3%82%8F%E3%81%9B/ ; https://www.town.ami.lg.jp/cmsfiles/contents/0000015/15073/kasumigaurashi.pdf	公式サイトで確認（029-887-4755も併記）。附属中学校は別番号（029-888-8208）
9	晃陽学園高等学校	0280-31-5455	高	https://www.koyo-gakuen.ac.jp/hs/access.html	公式サイトで確認（通信制・古河本校）
10	翔洋学園高等学校	0294-27-1101	高	https://www.shoyo.ac.jp/school/hitachi/ ; https://www.mapion.co.jp/phonebook/M11004/08202/ILSP0000041005_ipclm/	公式サイトで確認（通信制・日立本校）。入学相談は別番号（04-7199-3171）
11	常総学院高等学校	029-842-8771	高	https://joso.ac.jp/information-disclosure ; https://kyoiku.pref.ibaraki.jp/private-school/school-20/	公式サイトで確認。中学校は別番号（029-842-0708）
12	水城高等学校	029-247-6509	高	https://kyoiku.pref.ibaraki.jp/gakko/private-schools/high-school/ ; https://school.js88.com/scl_h/22001180/	茨城県教育委員会の一覧ほか複数の資料で一致
13	清真学園高等学校	0299-83-1811	高	https://kyoiku.pref.ibaraki.jp/gakko/private-schools/high-school/ ; https://school.js88.com/scl_h/22001240	茨城県教育委員会の一覧と学校情報サイトで一致。中高一貫校
14	聖徳大学附属取手聖徳女子高等学校	0297-83-8111	高	https://www.torideseitoku.ed.jp/wp/wp-content/uploads/2023/08/2461bcab6ee07475a751ced6d068d203.pdf ; https://kyoiku.pref.ibaraki.jp/gakko/private-schools/high-school/	学校の資料に「代表」と記載
15	大成女子高等学校	029-221-4888	高	https://kyoiku.pref.ibaraki.jp/gakko/private-schools/high-school/ ; https://school.js88.com/scl_h/22001140/	茨城県教育委員会の一覧と学校情報サイトで一致
16	第一学院高等学校 高萩本校	0293-20-5800	高	https://www.daiichigakuin.ed.jp/about/outline/ ; https://kyoiku.pref.ibaraki.jp/private-school/school-35/	高萩校（通信制）の番号。公式サイトと茨城県教育委員会のページで一致
17	つくば開成高等学校	029-872-5532	高	https://kyoiku.pref.ibaraki.jp/private-school/school-27/ ; https://t-kaisei.ed.jp/ibaraki/	牛久本校（通信制）の番号。土浦・守谷の学習センターは別番号
18	つくば国際大学高等学校	029-821-0670	高	https://www.tiuh.ed.jp/ ; https://kyoiku.pref.ibaraki.jp/private-school/school-10/	公式サイトで確認。029-826-6000は大学の番号なので注意
19	つくば国際大学東風高等学校	0299-59-7516	高	https://www.harukaze.ed.jp/ ; https://kyoiku.pref.ibaraki.jp/private-school/school-11/	公式サイトで確認
20	つくば秀英高等学校	029-847-1611	高	https://tsukubashuei.com/contact.html ; https://kyoiku.pref.ibaraki.jp/private-school/school-23/	公式サイトで確認
21	土浦日本大学高等学校	029-822-3382	高	https://tng.ac.jp/tsuchiura/files/items/2756/File/2026_AO.pdf	公式の募集要項に「代表」と記載。土浦日本大学中等教育学校（029-835-3907）は別の学校
22	東洋大学附属牛久高等学校	029-872-0350	高	https://www.toyo.ac.jp/ushiku/assets/2026boshuyoko.pdf	公式の募集要項に「代表」と記載
23	常磐大学高等学校	029-224-1707	高	https://jsite.mhlw.go.jp/ibaraki-roudoukyoku/content/contents/002658628.pdf ; https://school.js88.com/scl_h/22001150	茨城労働局の資料と学校情報サイトで一致
24	水戸葵陵高等学校	029-243-7718	高	https://jsite.mhlw.go.jp/ibaraki-roudoukyoku/content/contents/002658628.pdf ; https://school.js88.com/scl_h/22001290	茨城労働局の資料と学校情報サイトで一致。募集室直通は029-243-7750
25	水戸啓明高等学校	029-241-1573	高	https://www.mito-keimei.ed.jp/ ; https://kyoiku.pref.ibaraki.jp/private-school/school-5/	公式サイトと茨城県教育委員会のページで一致
26	水戸女子高等学校	029-224-4124	高	https://school.js88.com/scl_h/22001160 ; https://jsite.mhlw.go.jp/ibaraki-roudoukyoku/content/contents/002658632.pdf	複数の資料で一致
27	水戸平成学園高等学校	029-300-5777	高	https://www.mitoheisei.ac.jp/ ; https://kyoiku.pref.ibaraki.jp/private-school/school-30/	通信制。公式サイトと茨城県教育委員会のページで一致
28	茗溪学園高等学校	029-851-6611	高	https://www.inter-edu.com/schools/school/43 ; https://meikei.ac.jp/uploads/2026/06/462f5bd1d8b7360a3fcc191d581fa4f4.pdf	中高共通の代表番号
29	明秀学園日立高等学校	0294-21-6328	中	https://school.js88.com/scl_h/22001110	学校情報サイトのみで確認、公式サイトでは未確認
30	ルネサンス高等学校	0295-76-8031	高	https://www.r-ac.jp/campus/daigo/ ; https://kyoiku.pref.ibaraki.jp/private-school/school-36/	大子町の本校（広域通信制）。本校は移転済みで、電話帳サイトに残る旧番号（0295-79-1151）は使わない
