1	一関学院高等学校	0191-23-4240	高	https://ichinoseki-gakuin.jp/contact/index.html ; https://www.mapion.co.jp/phonebook/M11004/03209/ILSP0000041169_ipclm/	公式サイトで確認（全日制・通信制共通、受付8:30〜17:00）。職員室は0191-23-3906
2	一関修紅高等学校	0191-23-3096	高	https://shuko.ed.jp/profile/ ; https://www.mapion.co.jp/phonebook/M11004/03209/ILSP0000041931_ipclm/	公式サイトで確認。一部サイトの0191-23-3271は旧番号の可能性あり
3	岩手高等学校	019-624-4445	高	https://iwate-jh.ed.jp/ ; https://map.yahoo.co.jp/v3/place/RvEksJmg4Wo	公式サイトで確認。中高共通の番号。男子校
4	岩手女子高等学校	019-623-6467	高	https://iwatejoshi-h.ed.jp/access/index.html ; https://school.js88.com/scl_h/22028650	公式サイトで確認
5	江南義塾盛岡高等学校	019-646-1866	高	http://kounan-h.jp/ ; https://school.js88.com/scl_h/22028670/	公式サイトの事務室の番号（通信制・盛岡本校）。職員室は019-656-1550
6	専修大学北上高等学校	0197-63-2341	高	https://www.minkou.jp/hischool/school/2478/ ; https://school.js88.com/scl_h/22028730	公式サイトに「代表」と記載
7	花巻東高等学校	0198-41-1135	高	https://www.hanamakihigashi-h.jp/contact/index.php ; https://www.mapion.co.jp/phonebook/M11004/03205/ILSP0000041838_ipclm/	公式サイトの事務室の番号。職員室は0198-24-2825
8	水沢第一高等学校	0197-24-6171	高	https://mizuichi.ed.jp/contact/index.html ; https://www.mapion.co.jp/phonebook/M11004/03215/ILSP0000041877_ipclm/	公式サイトで確認。県立水沢高校（0197-24-3152）とは別の学校なので注意
9	盛岡白百合学園高等学校	019-661-6330	高	https://msgsp.jp/admission/ ; https://www.mapion.co.jp/phonebook/M11004/03201/ILSP0000040814_ipclm/	中高共通の代表番号。共学化の可能性あり（校名・体制を要確認）
10	盛岡スコーレ高等学校	019-636-0827	中	https://school.js88.com/scl_h/22028690?page=7	JS日本の学校のみで確認。019-681-0831は高校生レストラン専用の番号
11	盛岡誠桜高等学校	019-661-3633	高	https://www.morioka-seio.ed.jp/about_school/ ; https://www.mapion.co.jp/phonebook/M11004/03201/ILSP0000040690_ipclm/	公式サイトで確認
12	盛岡大学附属高等学校	019-641-1121	中	https://school.js88.com/scl_h/22028680/	JS日本の学校のみで確認。019-688-5656は法人本部の番号
13	盛岡中央高等学校	019-641-0458	高	https://school.js88.com/scl_h/22028700?page=9 ; https://www.inter-edu.com/schools/school/1760	2つの情報源で一致。附属中学校は別番号（019-641-0505）
