青山学院大学系属浦和ルーテル学院高等学校	埼玉県さいたま市緑区	301394	普通科
秋草学園高等学校	埼玉県狭山市	301490	普通科
浦和明の星女子高等学校	埼玉県さいたま市緑区	301395	普通科
浦和学院高等学校	埼玉県さいたま市緑区	301396	普通科
浦和実業学園高等学校	埼玉県さいたま市南区	301390	普通科・専門学科
浦和麗明高等学校	埼玉県さいたま市浦和区	301386	普通科
叡明高等学校	埼玉県越谷市	301387	普通科
大川学園高等学校	埼玉県飯能市	306496	普通科・専門学科
大妻嵐山高等学校	埼玉県嵐山町	301517	普通科
大宮開成高等学校	埼玉県さいたま市大宮区	301357	普通科
開智高等学校（埼玉県）	埼玉県さいたま市岩槻区	301406	普通科
開智未来高等学校	埼玉県加須市	306760	普通科
春日部共栄高等学校	埼玉県春日部市	301436	普通科
霞ヶ関高等学校	埼玉県川越市	306449	普通科
川越東高等学校	埼玉県川越市	301462	普通科
慶應義塾志木高等学校	埼玉県志木市	301509	普通科
国際学院高等学校	埼玉県伊奈町	306425	普通科・総合学科
埼玉栄高等学校	埼玉県さいたま市西区	301361	普通科・専門学科
埼玉平成高等学校	埼玉県毛呂山町	301480	普通科
栄北高等学校	埼玉県伊奈町	306437	普通科
栄東高等学校	埼玉県さいたま市見沼区	301352	普通科
狭山ヶ丘高等学校	埼玉県入間市	301532	普通科
志学会高等学校	埼玉県杉戸町	306438	普通科
秀明英光高等学校	埼玉県上尾市	301561	普通科
秀明高等学校	埼玉県川越市	301487	普通科
淑徳与野高等学校	埼玉県さいたま市中央区	301401	普通科
城西大学付属川越高等学校	埼玉県川越市	301481	普通科
正智深谷高等学校	埼玉県深谷市	301576	普通科
昌平高等学校	埼玉県杉戸町	301444	普通科
自由の森学園高等学校	埼玉県飯能市	301528	普通科
城北埼玉高等学校	埼玉県川越市	301463	普通科
西武学園文理高等学校	埼玉県狭山市	301495	普通科・専門学科
西武台高等学校	埼玉県新座市	301504	普通科
聖望学園高等学校	埼玉県飯能市	301524	普通科
清和学園高等学校	埼玉県越生町	306485	普通科・専門学科
創学舎高等学校	埼玉県深谷市	306573	総合学科
東京成徳大学深谷高等学校	埼玉県深谷市	301578	普通科
東京農業大学第三高等学校	埼玉県東松山市	301512	普通科
東邦音楽大学附属東邦第二高等学校	埼玉県川越市	301464	専門学科
獨協埼玉高等学校	埼玉県越谷市	301429	普通科
花咲徳栄高等学校	埼玉県加須市	301451	普通科・専門学科
東野高等学校	埼玉県入間市	301533	普通科
武南高等学校	埼玉県蕨市	301380	普通科
星野高等学校	埼玉県川越市	301471	普通科
細田学園高等学校	埼玉県志木市	301510	普通科
本庄第一高等学校	埼玉県本庄市	301580	普通科
本庄東高等学校	埼玉県本庄市	301581	普通科
松栄学園高等学校	埼玉県春日部市	306442	普通科
武蔵越生高等学校	埼玉県越生町	301478	普通科
武蔵野音楽大学附属高等学校	埼玉県入間市	301535	専門学科
武蔵野星城高等学校	埼玉県越谷市	306450	普通科
山村学園高等学校	埼玉県川越市	301482	普通科
山村国際高等学校	埼玉県坂戸市	306403	普通科
立教新座高等学校	埼玉県新座市	301502	普通科
早稲田大学本庄高等学院	埼玉県本庄市	301582	普通科
