愛国高等学校	東京都江戸川区	301993	普通科・専門学科
青山学院高等部	東京都渋谷区	302049	普通科
麻布高等学校	東京都港区	301862	普通科
足立学園高等学校	東京都足立区	301951	普通科
跡見学園高等学校	東京都文京区	301895	普通科
安部学院高等学校	東京都北区	301924	専門学科
郁文館グローバル高等学校	東京都文京区	301913	専門学科
郁文館高等学校	東京都文京区	301912	普通科
岩倉高等学校	東京都台東区	301874	普通科・専門学科
上野学園高等学校	東京都台東区	301880	普通科・専門学科
穎明館高等学校	東京都八王子市	302322	普通科
英明フロンティア高等学校	東京都練馬区	302223	普通科
江戸川女子高等学校	東京都江戸川区	301992	普通科・専門学科
NHK学園高等学校	東京都国立市	306333	普通科
桜蔭高等学校	東京都文京区	301916	普通科
桜美林高等学校	東京都町田市	302331	普通科
鷗友学園女子高等学校	東京都世田谷区	302093	普通科
大妻高等学校	東京都千代田区	301839	普通科
大妻多摩高等学校	東京都多摩市	302373	普通科
大妻中野高等学校	東京都中野区	302133	普通科
大原学園美空高等学校	東京都千代田区	306660	普通科
大森学園高等学校	東京都大田区	302029	普通科・専門学科
海城高等学校	東京都新宿区	302177	普通科
開成高等学校	東京都荒川区	301943	普通科
開智日本橋学園高等学校	東京都中央区	301845	普通科
かえつ有明高等学校	東京都江東区	301832	普通科
科学技術学園高等学校	東京都世田谷区	302104	普通科
川村高等学校	東京都豊島区	302190	普通科
神田女学園高等学校	東京都千代田区	301829	普通科
関東国際高等学校	東京都渋谷区	302059	普通科・専門学科
関東第一高等学校	東京都江戸川区	301987	普通科
学習院高等科	東京都豊島区	302189	普通科
学習院女子高等科	東京都新宿区	302176	普通科
北里大学附属順天高等学校	東京都北区	301928	普通科
北豊島高等学校	東京都荒川区	301942	普通科
吉祥寺湧水高等学校	東京都武蔵野市	302235	普通科
吉祥女子高等学校	東京都武蔵野市	302234	普通科
共栄学園高等学校	東京都葛飾区	301961	普通科
共立女子高等学校	東京都千代田区	301823	普通科
共立女子第二高等学校	東京都八王子市	302314	普通科
錦城学園高等学校	東京都千代田区	301826	普通科
錦城高等学校	東京都小平市	302269	普通科
暁星高等学校	東京都千代田区	301831	普通科
国立音楽大学附属高等学校	東京都国立市	302268	普通科・専門学科
国本女子高等学校	東京都世田谷区	302106	普通科
慶應義塾女子高等学校	東京都港区	301872	普通科
京華高等学校	東京都文京区	301903	普通科
京華商業高等学校	東京都文京区	301905	専門学科
京華女子高等学校	東京都文京区	301904	普通科
恵泉女学園高等学校	東京都世田谷区	302097	普通科
啓明学園高等学校	東京都昭島市	302337	普通科
小石川淑徳学園高等学校	東京都文京区	301890	普通科
光塩女子学院高等科	東京都杉並区	302151	普通科
晃華学園高等学校	東京都調布市	302249	普通科
工学院大学附属高等学校	東京都八王子市	302301	普通科
攻玉社高等学校	東京都品川区	302018	普通科
麹町学園女子高等学校	東京都千代田区	301843	普通科
佼成学園高等学校	東京都杉並区	302155	普通科
佼成学園女子高等学校	東京都世田谷区	302100	普通科
香蘭女学校高等科	東京都品川区	302026	普通科
國學院高等学校	東京都渋谷区	302048	普通科
國學院大學久我山高等学校	東京都杉並区	302172	普通科
国際基督教大学高等学校	東京都小金井市	302261	普通科
国士舘高等学校	東京都世田谷区	302083	普通科
駒込高等学校	東京都文京区	301909	普通科
駒沢学園女子高等学校	東京都稲城市	302375	普通科
駒澤大学高等学校	東京都世田谷区	302122	普通科
駒場学園高等学校	東京都世田谷区	302086	普通科・専門学科
駒場東邦高等学校	東京都世田谷区	302077	普通科
桜丘高等学校（東京都）	東京都北区	301933	普通科
サレジアン国際学園高等学校	東京都北区	301937	普通科
サレジアン国際学園世田谷高等学校	東京都世田谷区	302108	普通科
品川エトワール女子高等学校	東京都品川区	302014	普通科
品川学藝高等学校	東京都品川区	302022	普通科・専門学科
品川翔英高等学校	東京都品川区	302017	普通科
品川女子学院高等部	東京都品川区	302011	普通科
芝浦工業大学附属高等学校	東京都江東区	302204	普通科
芝高等学校	東京都港区	301854	普通科
芝国際高等学校	東京都港区	301855	普通科
渋谷教育学園渋谷高等学校	東京都渋谷区	302050	普通科
下北沢成徳高等学校	東京都世田谷区	302087	普通科
修徳高等学校	東京都葛飾区	301970	普通科
淑徳高等学校	東京都板橋区	302208	普通科
淑徳巣鴨高等学校	東京都豊島区	302181	普通科
松蔭大学附属松蔭高等学校（東京都）	東京都世田谷区	302085	普通科
頌栄女子学院高等学校	東京都港区	301867	普通科
聖徳学園高等学校	東京都武蔵野市	302239	普通科
昭和女子大学附属昭和高等学校	東京都世田谷区	302079	普通科
昭和第一学園高等学校	東京都立川市	302284	普通科・専門学科
昭和第一高等学校	東京都文京区	301917	普通科
昭和鉄道高等学校	東京都豊島区	302184	専門学科
女子聖学院高等学校	東京都北区	301925	普通科
白梅学園高等学校	東京都小平市	302274	普通科
白百合学園高等学校	東京都千代田区	301837	普通科
実践学園高等学校	東京都中野区	302139	普通科
実践女子学園高等学校	東京都渋谷区	302052	普通科
十文字高等学校	東京都豊島区	302183	普通科
潤徳女子高等学校	東京都足立区	301952	普通科
自由ヶ丘学園高等学校	東京都目黒区	302066	普通科
自由学園高等科	東京都東久留米市	302362	普通科
城西大学附属城西高等学校	東京都豊島区	302196	普通科
城北高等学校（東京都）	東京都板橋区	302210	普通科
女子学院高等学校	東京都千代田区	301842	普通科
女子美術大学付属高等学校	東京都杉並区	302154	普通科
巣鴨高等学校	東京都豊島区	302186	普通科
杉並学院高等学校	東京都杉並区	302153	普通科
駿台学園高等学校	東京都北区	301921	普通科
聖学院高等学校	東京都北区	301926	普通科
成蹊高等学校	東京都武蔵野市	302232	普通科
聖心女子学院高等科	東京都港区	301868	普通科
成城学園高等学校	東京都世田谷区	302105	普通科
成城高等学校	東京都新宿区	302126	普通科
成女高等学校	東京都新宿区	302129	普通科
正則学園高等学校	東京都千代田区	301827	普通科
正則高等学校	東京都港区	301853	普通科
聖ドミニコ学園高等学校	東京都世田谷区	302110	普通科
聖パウロ学園高等学校	東京都八王子市	302306	普通科
成立学園高等学校	東京都北区	301918	普通科
青稜高等学校	東京都品川区	302023	普通科
世田谷学園高等学校	東京都世田谷区	302080	普通科
専修大学附属高等学校	東京都杉並区	302167	普通科
創価高等学校	東京都小平市	302272	普通科
大成高等学校（東京都）	東京都三鷹市	302243	普通科
高輪高等学校	東京都港区	301873	普通科
瀧野川女子学園高等学校	東京都北区	301927	普通科
拓殖大学第一高等学校	東京都武蔵村山市	302270	普通科
立川女子高等学校	東京都立川市	302285	普通科
玉川学園高等部	東京都町田市	302328	普通科
玉川聖学院高等部	東京都世田谷区	302115	普通科
多摩大学附属聖ヶ丘高等学校	東京都多摩市	302370	普通科
多摩大学目黒高等学校	東京都目黒区	302074	普通科
大智学園高等学校	東京都新宿区	306564	普通科
大東学園高等学校	東京都世田谷区	302096	普通科
大東文化大学第一高等学校	東京都板橋区	302212	普通科
中央学院大学中央高等学校	東京都江東区	301847	普通科・専門学科
中央大学高等学校	東京都文京区	301891	普通科
中央大学杉並高等学校	東京都杉並区	302164	普通科
中央大学附属高等学校	東京都小金井市	302262	普通科
千代田高等学校	東京都千代田区	301841	普通科
帝京高等学校	東京都板橋区	302197	普通科
帝京大学高等学校	東京都八王子市	302308	普通科
帝京八王子高等学校	東京都八王子市	302305	普通科
貞静学園高等学校	東京都文京区	301897	普通科
田園調布学園高等部	東京都世田谷区	302116	普通科
田園調布雙葉高等学校	東京都世田谷区	302117	普通科
東亜学園高等学校	東京都中野区	302134	普通科
東海大学菅生高等学校	東京都あきる野市	302291	普通科
東海大学付属高輪台高等学校	東京都港区	301852	普通科
東海大学付属望星高等学校	東京都渋谷区	306330	普通科
東京音楽大学付属高等学校	東京都文京区	301900	専門学科
東京家政学院高等学校	東京都千代田区	301840	普通科
東京家政大学附属女子高等学校	東京都板橋区	302198	普通科
東京高等学校	東京都大田区	302045	普通科
東京実業高等学校	東京都大田区	302039	普通科・専門学科
東京純心女子高等学校	東京都八王子市	302300	普通科
東京女学館高等学校	東京都渋谷区	302053	普通科
東京成徳大学高等学校	東京都北区	301923	普通科
東京電機大学高等学校	東京都小金井市	302257	普通科
東京都市大学等々力高等学校	東京都世田谷区	302114	普通科
東京都市大学付属高等学校	東京都世田谷区	302103	普通科
東京農業大学第一高等学校	東京都世田谷区	302094	普通科
東京文華高等学校	東京都西東京市	302276	普通科
東京立正高等学校	東京都杉並区	302156	普通科
東星学園高等学校	東京都清瀬市	302368	普通科
桐朋高等学校	東京都国立市	302267	普通科
桐朋女子高等学校	東京都調布市	302246	普通科・専門学科
東洋英和女学院高等部	東京都港区	301861	普通科
東洋高等学校	東京都千代田区	301828	普通科
東洋女子高等学校	東京都文京区	301892	普通科
東洋大学京北高等学校	東京都文京区	301901	普通科
トキワ松学園高等学校	東京都目黒区	302061	普通科
豊島岡女子学園高等学校	東京都豊島区	302188	普通科
豊島学院高等学校	東京都豊島区	302185	普通科
獨協高等学校	東京都文京区	301899	普通科
ドルトン東京学園高等部	東京都調布市	302075	普通科
中村高等学校	東京都江東区	302003	普通科・専門学科
二松学舎大学附属高等学校	東京都千代田区	301838	普通科
新渡戸文化高等学校	東京都中野区	302140	普通科
日本工業大学駒場高等学校	東京都目黒区	302068	普通科
日本女子体育大学附属二階堂高等学校	東京都世田谷区	302089	普通科
日本体育大学荏原高等学校	東京都大田区	302042	普通科
日本体育大学桜華高等学校	東京都東村山市	302283	普通科
日本大学櫻丘高等学校	東京都世田谷区	302092	普通科
日本大学第一高等学校	東京都墨田区	301972	普通科
日本大学第三高等学校	東京都町田市	302330	普通科
日本大学第二高等学校	東京都杉並区	302161	普通科
日本大学鶴ヶ丘高等学校	東京都杉並区	302168	普通科
日本大学豊山高等学校	東京都文京区	301896	普通科
日本大学豊山女子高等学校	東京都板橋区	302209	普通科・専門学科
八王子学園八王子高等学校	東京都八王子市	302319	普通科
八王子実践高等学校	東京都八王子市	302320	普通科
羽田国際高等学校	東京都大田区	302036	普通科
広尾学園小石川高等学校	東京都文京区	301889	普通科
広尾学園高等学校	東京都港区	301863	普通科
フェリシア高等学校	東京都町田市	302333	普通科
富士見丘高等学校	東京都渋谷区	302060	普通科
富士見高等学校	東京都練馬区	302218	普通科
雙葉高等学校	東京都千代田区	301844	普通科
普連土学園高等学校	東京都港区	301871	普通科
文化学園大学杉並高等学校	東京都杉並区	302152	普通科
